{ 
    articles:[

            {
  "article_number": "1",
  "article_title": "Name and territory of the Union",
  "article_text": "1. India, that is Bharat, shall be a Union of States.\n2. The States and the territories thereof shall be as specified in the First Schedule.\n3. The territory of India shall comprise—\n(a) the territories of the States;\n(b) the Union territories specified in the First Schedule; and\n(c) such other territories as may be acquired.",
  "illustration": "Suppose India acquires a new island territory through a treaty. As per Article 1(3)(c), that newly acquired land becomes part of the territory of India.",
  "explanation": "Article 1 defines India as a Union of States, lists its territories, and provides for inclusion of newly acquired territories. It reflects the structure and political integrity of the country.",
  "case_law": {
    "name": "Berubari Union Case (1960)",
    "citation": "AIR 1960 SC 845",
    "principle": "Article 1 does not grant the power to cede Indian territory; such a change requires a constitutional amendment under Article 368."
  },
  "amendments": [
    {
      "number": "2",
      "name": "2nd Constitutional Amendment Act, 1952",
      "description": "Amended Article 1(2) to refer directly to the First Schedule, clarifying the listing of States and territories."
    },
    {
      "number": "100",
      "name": "100th Constitutional Amendment Act, 2015",
      "description": "Implemented the India–Bangladesh Land Boundary Agreement; modified Article 1(3) to reflect territorial changes."
    }
  ],
  "constituent_assembly_note": "Dr. B.R. Ambedkar emphasized that the term 'Union of States' was chosen over 'Federation' to signify that Indian states do not have the right to secede. This reinforced the unity and integrity of India as a single, indivisible nation.",
  "maxim_or_doctrine": {
    "name": "Uti possidetis juris",
    "explanation": "Territory remains with its possessor unless lawfully transferred."
  },
  "summary": "Article 1 of the Constitution declares that India, also called Bharat, is a Union of States. It defines the political geography of India by recognizing its States, Union Territories, and any new territories acquired in the future. The use of the term 'Union' over 'Federation' was intentional to underline the indivisibility of the nation. This Article sets the foundation for India’s territorial structure, giving constitutional legitimacy to how the land is organized and governed. The Berubari case clarified that territorial changes need formal constitutional amendments. The 2nd and 100th Amendments respectively clarified territorial references and implemented land exchange with Bangladesh.",
  "keywords": [
    "Union of States",
    "territory of India",
    "First Schedule",
    "States and Union Territories",
    "Bharat",
    "acquired territories",
    "political structure",
    "constitutional territory",
    "land boundary agreement",
    "India-Bangladesh",
    "Article 1(3)",
    "State boundary",
    "constituent units",
    "national integrity",
    "Uti possidetis juris",
    "Berubari case",
    "territorial amendment",
    "secession",
    "Ambedkar speech",
    "federal structure"
  ]
},
{
  "article_number": "2",
  "title": "Admission or establishment of new States",
  "text": "Parliament may by law admit into the Union, or establish, new States on such terms and conditions as it thinks fit.",
  "illustration": "If a new region is to be admitted into India as a state (such as Goa in 1987), Parliament has the authority to do so through a legislative act, and may define the terms under which the admission occurs.",
  "explanation": "This Article grants Parliament the exclusive power to admit or create new States, with flexibility to decide on the terms and conditions of such inclusion. It ensures legal integration of new territories into the Union.",
  "case_law": {
    "name": "Babulal Parate v. State of Bombay, AIR 1960 SC 51",
    "citation": "AIR 1960 SC 51",
    "court": "Supreme Court of India",
    "principle": "The power conferred by Article 2 is a legislative power enabling Parliament to make laws for the admission or establishment of new States, and not a constitutional amendment power requiring Article 368 procedure."
  },
  "maxim_or_doctrine": {
    "name": "Doctrine of Parliamentary Supremacy in Federal Structure",
    "explanation": "Parliament holds sovereign power to reorganize or expand the territory of the Union within constitutional limits."
  },
  "constituent_assembly_note": "During the Constituent Assembly debates, members discussed whether Parliament should have unilateral powers for admitting new States or if safeguards were needed. Dr. B.R. Ambedkar clarified that such power was essential for future flexibility, especially considering the then-ongoing integration of princely states.",
  "summary": "Article 2 empowers the Parliament to admit into the Union, or establish, new States. This provision ensures India can expand its federal structure by including territories through law. The Parliament has the discretion to decide the terms under which such a State is admitted or established, enabling administrative flexibility. It reflects the evolving nature of India's political geography, including historical examples such as the inclusion of Sikkim or reorganization based on regional identities. This Article is foundational to India's territorial evolution and integration.",
  "keywords": [
    "Article 2",
    "new states",
    "admission of states",
    "creation of states",
    "territorial integration",
    "parliamentary power",
    "federal structure",
    "Union of India",
    "constitutional law",
    "Babulal Parate",
    "statehood",
    "reorganization",
    "Sikkim",
    "Goa",
    "political integration",
    "territorial expansion",
    "legal inclusion",
    "legislative powers",
    "constitution of india"
  ]
},
{
  "article_number": "2A",
  "article_title": "Omitted",
  "article_text": "N/A",
  "explanation": "N/A",
  "case_law": {
    "name": "N/A",
    "citation": "N/A",
    "principle": "N/A"
  },
  "amendments": [
    {
      "amendment_number": "36",
      "year": 1975,
      "change": "N/A"
    }
  ],
  "constituent_assembly_note": "N/A",
  "maxim_or_doctrine": {
    "name": "N/A",
    "explanation": "N/A"
  },
  "summary": "Omitted by the Constitution (Thirty-sixth Amendment) Act, 1975, s. 5 (w.e.f. 26-4-1975).",
  "keywords": [
    "Article 2A",
    "Omitted article",
    "Sikkim",
    "Constitution Thirty-sixth Amendment",
    "Article removed",
    "Indian Constitution changes"
  ]
},
{
  "article_number": "3",
  "article_title": "Formation of new States and alteration of areas, boundaries or names of existing States",
  "article_text": "Parliament may by law—\n(a) form a new State by separation of territory from any State or by uniting two or more States or parts of States or by uniting any territory to a part of any State;\n(b) increase the area of any State;\n(c) diminish the area of any State;\n(d) alter the boundaries of any State;\n(e) alter the name of any State.\n\nProvided that no Bill for the purpose shall be introduced in either House of Parliament except on the recommendation of the President and unless, where the proposal contained in the Bill affects the area, boundaries or name of any of the States, the Bill has been referred by the President to the Legislature of that State for expressing its views thereon within such period as may be specified in the reference or within such further period as the President may allow and the period so specified or allowed has expired.\n\nExplanation I.—In this article, in clauses (a) to (e), “State” includes a Union territory, but in the proviso, “State” does not include a Union territory.\n\nExplanation II.—The power conferred on Parliament by clause (a) includes the power to form a new State or Union territory by uniting a part of any State or Union territory to any other State or Union territory.",
  "illustration": "The formation of the State of Jharkhand from parts of Bihar, or the reorganization of Jammu and Kashmir into Union Territories, were carried out under this article.",
  "explanation": "This Article empowers Parliament to alter the political map of India by making laws to create new States or Union territories, adjust boundaries or names of States. It lays down a constitutional procedure involving Presidential recommendation and consultation with the affected State Legislature.",
  "case_law": {
    "name": "Babulal Parate v. State of Bombay",
    "citation": "AIR 1960 SC 51",
    "principle": "Parliament holds plenary power under Article 3 to alter State boundaries or create new States, and the views of the State Legislature are not binding."
  },
  "amendments": [
    {
      "number": "5",
      "title": "Constitution (Fifth Amendment) Act, 1955",
      "summary": "Clarified the time frame and manner in which the views of State Legislatures should be obtained when a bill under Article 3 affects their boundaries, area or name."
    }
  ],
  "summary": "Article 3 gives Parliament wide powers to reorganize the states and union territories of India. It allows for the formation of new States, increase or decrease in area, boundary changes, and renaming. However, such a bill can only be introduced on the President’s recommendation. When the changes affect a State, the President must refer the bill to that State’s legislature for its views, though those views are not binding. The article also includes Union territories in its scope except in the procedural proviso. This provision has been essential in accommodating regional demands and administrative efficiency.",
  "keywords": [
    "Article 3",
    "State reorganization",
    "new states",
    "territorial changes",
    "Union territories",
    "President recommendation",
    "state boundaries",
    "constitutional procedure",
    "Jharkhand formation",
    "state name change",
    "parliamentary powers",
    "fifth amendment",
    "consultation with state",
    "India political geography"
  ]
},


        
    ]
}