{
    "maxims":[

{
  "maxim": "Audi alteram partem",
  "meaning": "Hear the other side",
  "explanation": "No one should be condemned or punished without being given an opportunity to be heard.",
  "landmark_case": "Maneka Gandhi v. Union of India (1978) – Passport impounded without giving her a chance to be heard.",
  "example": "A student cannot be expelled from college without a disciplinary hearing."
},

  {
    "maxim": "Nemo judex in causa sua",
    "meaning": "No one should be a judge in their own cause",
    "explanation": "A decision-maker must not have personal interest in the outcome of a case.",
    "landmark_case": "A.K. Kraipak v. Union of India (1970) – A board member was involved in his own selection process.",
    "example": "A university professor cannot evaluate an exam written by their own child."
  },
  {
    "maxim": "Salus populi suprema lex",
    "meaning": "The welfare of the people is the supreme law",
    "explanation": "Public interest and safety can override individual rights.",
    "landmark_case": "Bijoe Emmanuel v. State of Kerala (1986) – Court upheld individual rights while recognizing state's interest in public order.",
    "example": "During a pandemic, lockdowns may be enforced even if they temporarily restrict freedom of movement."
  },
  {
    "maxim": "Ubi jus ibi remedium",
    "meaning": "Where there is a right, there is a remedy",
    "explanation": "If a person’s legal right is violated, they have access to a legal remedy.",
    "landmark_case": "Bhagwati v. Chandramaul (1956) – Recognized that denial of appointment after selection violated the petitioner’s right.",
    "example": "If someone unlawfully occupies your property, you can sue them for recovery."
  },
  {
    "maxim": "Lex non cogit ad impossibilia",
    "meaning": "The law does not compel the doing of impossibilities",
    "explanation": "The law cannot expect a person to do something that is impossible.",
    "landmark_case": "State of Rajasthan v. Shamsher Singh (1985) – Performance of a legal obligation not possible due to circumstances.",
    "example": "You cannot be held liable for missing a deadline during a natural disaster."
  },
  {
    "maxim": "Dura lex sed lex",
    "meaning": "The law may be harsh, but it is the law",
    "explanation": "Even if the law appears strict, it must be followed as it stands.",
    "landmark_case": "State of Rajasthan v. Union of India (1977) – The court upheld a law despite its harsh consequences.",
    "example": "A person sentenced under a mandatory minimum law must serve the sentence even if the judge feels it's too severe."
  },
  {
    "maxim": "Nemo est supra leges",
    "meaning": "No one is above the law",
    "explanation": "Everyone, including those in power, is subject to the law.",
    "landmark_case": "Indira Nehru Gandhi v. Raj Narain (1975) – Election of the Prime Minister was held void, reinforcing the principle.",
    "example": "A minister caught in corruption can be prosecuted like any other citizen."
  },
  {
    "maxim": "Fiat justitia ruat caelum",
    "meaning": "Let justice be done though the heavens fall",
    "explanation": "Justice must be served no matter the consequences.",
    "landmark_case": "Union Carbide Corporation v. Union of India (Bhopal Gas Tragedy Case) – Compensation was enforced despite economic and diplomatic concerns.",
    "example": "A court ordering demolition of illegal buildings despite protests from influential owners."
  },
  {
    "maxim": "Actus curiae neminem gravabit",
    "meaning": "An act of the court shall prejudice no one",
    "explanation": "No party should suffer due to a mistake or delay of the court.",
    "landmark_case": "Jang Singh v. Brij Lal (1966) – Court mistake in procedure shouldn’t hurt a party’s case.",
    "example": "If the court issues a wrong notice, the affected party shouldn’t be penalized for it."
  },
  {
    "maxim": "Delegatus non potest delegare",
    "meaning": "A delegate cannot further delegate",
    "explanation": "A person to whom powers are delegated cannot sub-delegate unless permitted.",
    "landmark_case": "A.K. Roy v. Union of India (1982) – Detention authority couldn't delegate essential decision-making powers.",
    "example": "A licensing officer cannot delegate approval authority to a clerk without legal permission."
  },
  {
    "maxim": "Locus standi",
    "meaning": "The right to bring an action or be heard in court",
    "explanation": "Only a person who is directly affected by an issue has the standing to bring a legal action.",
    "landmark_case": "S.P. Gupta v. Union of India (1981) – Expanded the scope of locus standi in public interest litigations.",
    "example": "A resident can file a PIL against illegal construction in their neighborhood."
  },
  {
    "maxim": "Res sub judice",
    "meaning": "Under judicial consideration",
    "explanation": "When a matter is pending before a competent court, parallel proceedings should not occur.",
    "landmark_case": "Indian Bank v. Maharashtra State Cooperative Marketing Federation (1998) – Reiterated that courts should not entertain simultaneous cases on the same issue.",
    "example": "If a property dispute is pending in court, a second case on the same issue cannot be initiated elsewhere."
  },
  {
    "maxim": "Sub silentio",
    "meaning": "In silence or without notice being taken",
    "explanation": "A decision passed without deliberate consideration of an issue is said to be made sub silentio.",
    "landmark_case": "Municipal Corporation of Delhi v. Gurnam Kaur (1989) – A previous decision was not considered binding as it was made sub silentio.",
    "example": "If a court decision overlooks a key argument, it may not serve as precedent."
  },
  {
    "maxim": "Stare decisis",
    "meaning": "To stand by decisions",
    "explanation": "Courts should follow precedents set in previous decisions unless there is a strong reason not to.",
    "landmark_case": "Keshav Mills Co. Ltd. v. CIT (1965) – Supreme Court emphasized following precedent unless revisited.",
    "example": "Lower courts are bound by decisions of higher courts in similar cases."
  },
    {
      "maxim": "Ratio decidendi",
      "meaning": "The reason for the decision",
      "explanation": "The legal principle or rationale upon which a court decision is based.",
      "landmarkCase": "Rajbir Singh v. State of Haryana (2010)",
      "example": "The rule of law from a Supreme Court decision becomes binding precedent."
    },
    {
      "maxim": "Obiter dicta",
      "meaning": "Things said by the way",
      "explanation": "Judicial observations or remarks that are not essential to the decision of the case. They do not have binding authority but may have persuasive value.",
      "landmarkCase": "State of Haryana v. Ranbir, AIR 2006 SC 1796",
      "example": "While deciding a case on constitutional validity of a law, if a judge comments on morality or policy preferences, it is considered obiter dicta."
    },
    {
      "maxim": "Ultra vires",
      "meaning": "Beyond the powers",
      "explanation": "Refers to an act performed beyond the scope of authority legally granted to a person or body. Such acts are invalid in the eyes of law.",
      "landmarkCase": "Anand Municipality v. Union of India, AIR 1960 SC 294",
      "example": "If a municipal corporation enacts a rule affecting interstate trade, it would be ultra vires its powers."
    },
    {
      "maxim": "Per incuriam",
      "meaning": "Through lack of care",
      "explanation": "A decision of a court rendered in ignorance of a relevant statute or binding authority. Such decisions are not binding.",
      "landmarkCase": "State of U.P. v. Synthetics and Chemicals Ltd., AIR 1990 SC 1927",
      "example": "A High Court ruling that ignores a clear Supreme Court precedent is per incuriam."
    },
    {
      "maxim": "Habeas corpus",
      "meaning": "You may have the body",
      "explanation": "A writ used to bring a person who is detained unlawfully before the court. It safeguards individual liberty against arbitrary detention.",
      "landmarkCase": "Sunil Batra v. Delhi Administration, AIR 1978 SC 1675",
      "example": "A person wrongfully detained by police can file a writ of habeas corpus for immediate release."
    },
    {
      "maxim": "Mandamus",
      "meaning": "We command",
      "explanation": "A writ issued by a court to compel a public authority to perform a duty it is legally obligated to perform.",
      "landmarkCase": "Praga Tools Corp. v. C.A. Imanual, AIR 1969 SC 1306",
      "example": "If a university refuses to issue a degree despite fulfillment of all conditions, a student can seek mandamus."
    },
    {
      "maxim": "Certiorari",
      "meaning": "To be certified",
      "explanation": "A writ issued by a higher court to review the legality of an order passed by a lower court or tribunal. It ensures judicial oversight over quasi-judicial and administrative actions.",
      "landmarkCase": "Hari Vishnu Kamath v. Ahmad Ishaque, AIR 1955 SC 233",
      "example": "If a tribunal passes an order without following principles of natural justice, the High Court may issue certiorari to quash it."
    },
    {
      "maxim": "Quo warranto",
      "meaning": "By what authority",
      "explanation": "A writ used to challenge the legality of a person holding a public office, asking under what authority they hold that position.",
      "landmarkCase": "University of Mysore v. Govinda Rao, AIR 1965 SC 491",
      "example": "If someone is appointed Vice-Chancellor of a university without fulfilling eligibility conditions, a quo warranto writ may be issued."
    },
    {
      "maxim": "Actus non facit reum nisi mens sit rea",
      "meaning": "The act does not make a person guilty unless the mind is also guilty",
      "explanation": "Both a wrongful act (actus reus) and a guilty mind (mens rea) are necessary to constitute a crime, except in strict liability cases.",
      "landmarkCase": "Brend v. Wood (1946) 62 TLR 462",
      "example": "Accidentally taking someone else’s bag without intent does not make one guilty of theft due to absence of mens rea."
    },
    {
      "maxim": "Mens rea",
      "meaning": "Guilty mind",
      "explanation": "Refers to the mental element of a person’s intention to commit a crime or knowledge that their action is wrong. It is essential for criminal liability in most cases.",
      "landmarkCase": "R v. Prince (1875) LR 2 CCR 154",
      "example": "Intentionally setting fire to someone’s property with the knowledge it may cause harm shows mens rea for arson."
    },
    {
      "maxim": "Actus reus",
      "meaning": "Guilty act",
      "explanation": "The physical component of a crime, referring to the actual conduct or omission that is prohibited by law. It must be accompanied by mens rea in most crimes.",
      "landmarkCase": "R v. Miller [1983] 2 AC 161",
      "example": "Stealing an object involves the physical taking (actus reus) and the intention to permanently deprive (mens rea)."
    },
    {
      "maxim": "Nullum crimen sine lege",
      "meaning": "No crime without law",
      "explanation": "A person cannot be punished for an act that was not defined as a crime under the law at the time it was committed. It upholds the principle of legality.",
      "landmarkCase": "Kedar Nath Singh v. State of Bihar, AIR 1962 SC 955",
      "example": "If a new law criminalizes a behavior starting next month, one cannot be punished for doing that act today."
    },
    {
      "maxim": "Nemo tenetur seipsum accusare",
      "meaning": "No one is bound to accuse himself",
      "explanation": "A person cannot be compelled to testify against himself. It forms the basis of the right against self-incrimination.",
      "landmarkCase": "Nandini Satpathy v. P.L. Dani, AIR 1978 SC 1025",
      "example": "During interrogation, an accused person has the right to refuse to answer questions that could be self-incriminating."
    },
    {
      "maxim": "Mala in se",
      "meaning": "Acts that are wrong in themselves",
      "explanation": "Refers to crimes that are inherently immoral or evil, such as murder or rape, regardless of whether a statute prohibits them.",
      "landmarkCase": "Ranjit Udeshi v. State of Maharashtra, AIR 1965 SC 881",
      "example": "Killing an innocent person is mala in se even if not explicitly stated in statute."
    },
    {
      "maxim": "Mala prohibita",
      "meaning": "Acts that are wrong because they are prohibited",
      "explanation": "Refers to actions that are considered wrong only because they are forbidden by law, not because they are inherently immoral.",
      "landmarkCase": "State of Maharashtra v. Mayer Hans George, AIR 1965 SC 722",
      "example": "Driving without a license is mala prohibita – not immoral but punishable because it violates a legal regulation."
    },
    {
      "maxim": "Corpus delicti",
      "meaning": "Body of the crime",
      "explanation": "Refers to the principle that proof of a crime must show that a crime has actually occurred before a person can be convicted.",
      "landmarkCase": "State of U.P. v. Ram Swarup, AIR 1974 SC 1570",
      "example": "In a murder case, the prosecution must prove that a death occurred due to criminal action – the corpus delicti."
    },
    {
      "maxim": "Modus operandi",
      "meaning": "Method of operating",
      "explanation": "Refers to a criminal’s characteristic pattern or method of committing crimes. It can be used as circumstantial evidence to link multiple offences to the same accused.",
      "landmarkCase": "Ravinder Singh v. State of Punjab, AIR 2004 SC 3605",
      "example": "If a burglar always enters through a skylight and leaves behind a specific symbol, this modus operandi may link different incidents to the same person."
    },
    {
      "maxim": "Alibi",
      "meaning": "Elsewhere",
      "explanation": "A defense claim that the accused was elsewhere at the time the offence was committed, making it impossible for them to have committed the crime.",
      "landmarkCase": "Binay Kumar Singh v. State of Bihar, AIR 1997 SC 322",
      "example": "If an accused proves he was attending a wedding in another city during the time of the crime, it serves as an alibi."
    },
    {
      "maxim": "Animus nocendi",
      "meaning": "Intention to harm",
      "explanation": "Refers to the guilty or harmful intent behind an act, particularly in criminal offences. Without such intent, an act may not constitute a crime.",
      "landmarkCase": "State of Maharashtra v. M.H. George, AIR 1965 SC 722",
      "example": "Accidentally injuring someone while playing a sport lacks animus nocendi and may not attract criminal liability."
    },
    {
      "maxim": "Animus furandi",
      "meaning": "Intention to steal",
      "explanation": "A necessary mental element in the offence of theft. The accused must have had the intention to take property dishonestly and permanently deprive the owner of it.",
      "landmarkCase": "Pyare Lal Bhargava v. State of Rajasthan, AIR 1963 SC 1094",
      "example": "Taking someone’s phone to permanently keep it, knowing it doesn’t belong to you, shows animus furandi."
    },
    {
      "maxim": "Culpable",
      "meaning": "Deserving blame",
      "explanation": "Indicates legal blameworthiness for a wrongful act, especially in criminal law. It includes both intention and negligence depending on the context.",
      "landmarkCase": "Santosh Rani v. State of Punjab, AIR 2000 SC 1880",
      "example": "Causing someone's death by reckless driving may not be murder but is still culpable."
    },
    {
      "maxim": "Non compos mentis",
      "meaning": "Not of sound mind",
      "explanation": "Refers to a person who is mentally incapable of understanding the nature and consequences of their actions. Such a person may not be held criminally liable.",
      "landmarkCase": "Dahyabhai Chhaganbhai Thakkar v. State of Gujarat, AIR 1964 SC 1563",
      "example": "A person suffering from schizophrenia who kills someone during a psychotic episode may be considered non compos mentis."
    },
    {
      "maxim": "Mens sibi conscia",
      "meaning": "Consciousness of guilt",
      "explanation": "Implies that the accused is aware of their guilt. Certain acts like fleeing the scene or concealing evidence may reflect mens sibi conscia.",
      "landmarkCase": "State of Maharashtra v. Suresh, AIR 2000 SC 1228",
      "example": "If an accused changes clothes and hides the weapon after a crime, it may indicate mens sibi conscia."
    },
    {
      "maxim": "Novus actus interveniens",
      "meaning": "A new intervening act",
      "explanation": "Refers to an event that breaks the chain of causation between the defendant’s act and the ultimate harm, possibly absolving them of liability.",
      "landmarkCase": "R v. Jordan (1956) 40 Cr App R 152",
      "example": "If a person is injured and later dies due to gross medical negligence, the original attacker may not be liable for the death due to novus actus interveniens."
    },
    {
      "maxim": "Consensus ad idem",
      "meaning": "Meeting of the minds",
      "explanation": "A fundamental principle of contract law which means both parties agree to the same thing in the same sense. Without it, a valid contract cannot exist.",
      "landmarkCase": "Raffles v. Wichelhaus (1864) 2 H & C 906",
      "example": "If one party agrees to buy “Jaguar” thinking it’s a car and the other meant the animal, there’s no consensus ad idem."
    },
    {
      "maxim": "Caveat emptor",
      "meaning": "Let the buyer beware",
      "explanation": "Places the responsibility on the buyer to check the quality and suitability of goods before purchase. Exceptions exist in cases of misrepresentation or fraud.",
      "landmarkCase": "Ward v. Hobbs (1878) 4 AC 13",
      "example": "If someone buys second-hand goods “as is” without inspection, they cannot later complain of defects unless misled."
    },
    {
      "maxim": "Pacta sunt servanda",
      "meaning": "Agreements must be kept",
      "explanation": "A foundational principle of contract law which holds that parties to a valid contract are bound to fulfill their obligations.",
      "landmarkCase": "Central Inland Water Transport Corp. v. Brojo Nath Ganguly, AIR 1986 SC 1571",
      "example": "If two companies enter into a contract for supply of goods, they must honor the agreement as per pacta sunt servanda."
    },
    {
      "maxim": "Nemo dat quod non habet",
      "meaning": "No one can give what they do not have",
      "explanation": "A person cannot transfer a better title in property than they themselves possess. It protects the true owner’s rights.",
      "landmarkCase": "Rowland v. Divall [1923] 2 KB 500",
      "example": "If someone sells stolen goods, the buyer does not acquire lawful ownership under nemo dat quod non habet."
    },
    {
      "maxim": "Lex loci contractus",
      "meaning": "Law of the place where the contract is made",
      "explanation": "The law of the country or jurisdiction where a contract is executed governs the contract's validity, interpretation, and performance.",
      "landmarkCase": "Doherty v. White (1889) 13 SCR 593 (Canada)",
      "example": "If a contract is signed in France, French law will apply unless the parties agree otherwise."
    },
    {
      "maxim": "Lex fori",
      "meaning": "Law of the forum",
      "explanation": "Refers to the procedural law of the jurisdiction in which a legal action is brought. It governs matters like limitation periods and court procedures.",
      "landmarkCase": "Delhi Cloth and General Mills Co. Ltd. v. Harnam Singh, AIR 1955 SC 590",
      "example": "A case tried in India will follow Indian procedural law regardless of the substantive law involved."
    },
    {
      "maxim": "Lex posterior derogat priori",
      "meaning": "Later law repeals earlier law",
      "explanation": "If two laws conflict, the more recent one takes precedence and overrides the earlier one to the extent of inconsistency.",
      "landmarkCase": "S.C. Advocates-on-Record Assn. v. Union of India, AIR 2016 SC 117",
      "example": "If a 2020 law contradicts a 1990 law on the same subject, the 2020 law will prevail under lex posterior derogat priori."
    },
    {
      "maxim": "In pari delicto",
      "meaning": "In equal fault",
      "explanation": "When both parties are equally at fault in an illegal or unethical agreement, the court will not assist either party.",
      "landmarkCase": "Holman v. Johnson (1775) 1 Cowp 341",
      "example": "If two persons enter into a contract for illegal betting, neither can sue the other for breach as they are in pari delicto."
    },
    {
      "maxim": "Ex turpi causa non oritur actio",
      "meaning": "No action arises from a dishonourable cause",
      "explanation": "A legal action cannot arise out of an illegal or immoral act. Courts will not aid a person who bases their claim on illegal conduct.",
      "landmarkCase": "Tinsley v. Milligan [1994] 1 AC 340",
      "example": "A person involved in a drug deal cannot sue for non-payment since the cause of action is illegal."
    },
    {
      "maxim": "Sine qua non",
      "meaning": "Without which not",
      "explanation": "Denotes an essential condition or element. In legal causation, it refers to a necessary condition without which the harm would not have occurred.",
      "landmarkCase": "Barnett v. Chelsea and Kensington Hospital [1969] 1 QB 428",
      "example": "In a negligence case, if the injury wouldn’t have occurred but for the defendant’s act, that act is the sine qua non."
    },
    {
      "maxim": "Jus in rem",
      "meaning": "Right against the world",
      "explanation": "A legal right enforceable against everyone, typically relating to property rights or ownership.",
      "landmarkCase": "K.K. Verma v. Union of India, AIR 1954 Bom 358",
      "example": "Ownership of a house is a jus in rem – the owner can assert rights against anyone interfering with it."
    },
    {
      "maxim": "Jus in personam",
      "meaning": "Right against a person",
      "explanation": "A right enforceable only against a specific individual or group, usually arising from contracts or personal obligations.",
      "landmarkCase": "K.K. Verma v. Union of India, AIR 1954 Bom 358",
      "example": "A tenant’s right to occupy a rented apartment is jus in personam, enforceable only against the landlord."
    },
    {
      "maxim": "Animus possidendi",
      "meaning": "Intention to possess",
      "explanation": "Refers to the mental element required for legal possession. A person must have both physical control (corpus) and intention to possess (animus).",
      "landmarkCase": "K.K. Verma v. Union of India, AIR 1954 Bom 358",
      "example": "If someone holds a parcel for a friend without intending to claim it as their own, they lack animus possidendi."
    },
    {
      "maxim": "Mutatis mutandis",
      "meaning": "With necessary changes having been made",
      "explanation": "Indicates that while applying one legal provision or principle to another context, appropriate adjustments must be made.",
      "landmarkCase": "Girdhari Lal & Sons v. Balbir Nath, AIR 1986 SC 1499",
      "example": "When applying company law provisions to LLPs, the rules are followed mutatis mutandis."
    },
    {
      "maxim": "Ex debito justitiae",
      "meaning": "As a debt of justice",
      "explanation": "Certain legal remedies, especially writs, are granted as a matter of right where justice demands it—not as a matter of discretion.",
      "landmarkCase": "A.R. Antulay v. R.S. Nayak, AIR 1988 SC 1531",
      "example": "A writ of habeas corpus for unlawful detention is often issued ex debito justitiae."
    },
    {
      "maxim": "Res ipsa loquitur",
      "meaning": "The thing speaks for itself",
      "explanation": "In tort law, this doctrine allows negligence to be inferred when the nature of the accident implies fault, even without direct evidence.",
      "landmarkCase": "Scott v. London & St. Katherine Docks Co. (1865) 3 H&C 596",
      "example": "A surgical instrument left inside a patient’s body post-surgery invokes res ipsa loquitur."
    },
    {
      "maxim": "Volenti non fit injuria",
      "meaning": "To one who consents, no harm is done",
      "explanation": "A person who voluntarily consents to a risk cannot claim damages for harm arising from it.",
      "landmarkCase": "Hall v. Brooklands Auto-Racing Club [1933] 1 KB 205",
      "example": "A boxer injured during a match cannot sue the opponent if he voluntarily participated knowing the risks."
    },

    {
      "maxim": "Damnum sine injuria",
      "meaning": "Damage without legal injury",
      "explanation": "Refers to a situation where actual damage is caused but no legal right is violated, hence no remedy is available under law.",
      "landmarkCase": "Gloucester Grammar School Case (1410) Y.B. 11 Hen. IV, f. 47, pl. 21",
      "example": "Opening a competing shop near another and attracting their customers results in damnum sine injuria."
    },
    {
      "maxim": "Injuria sine damnum",
      "meaning": "Legal injury without damage",
      "explanation": "Denotes violation of a legal right without actual damage. Such infringement is actionable in law.",
      "landmarkCase": "Ashby v. White (1703) 2 Ld. Raym. 938",
      "example": "Preventing a qualified voter from voting constitutes injuria sine damnum, even if the result is unaffected."
    },
    {
      "maxim": "Novus actus interveniens",
      "meaning": "A new intervening act",
      "explanation": "A new, independent event that breaks the causal link between a wrongful act and its consequence, affecting liability.",
      "landmarkCase": "R v. Jordan (1956) 40 Cr App R 152",
      "example": "A man stabs someone, but the victim dies due to a second, unrelated attack—original act may not be liable due to novus actus interveniens."
    },
    {
      "maxim": "Qui facit per alium facit per se",
      "meaning": "He who acts through another, acts himself",
      "explanation": "A principle of vicarious liability—employers can be held liable for acts done by their employees during the course of employment.",
      "landmarkCase": "State of Rajasthan v. Vidhyawati, AIR 1962 SC 933",
      "example": "A delivery company is liable for an accident caused by its driver while making deliveries."
    },
    {
      "maxim": "Causa causans",
      "meaning": "The immediate or effective cause",
      "explanation": "Refers to the real, effective cause of damage or injury as opposed to a remote or indirect one.",
      "landmarkCase": "Leyland Shipping Co. v. Norwich Union Fire Insurance Society Ltd. [1918] AC 350",
      "example": "In a car accident, the driver’s intoxication is the causa causans of the crash, not the poor weather."
    },
    {
      "maxim": "Causa proxima",
      "meaning": "The proximate cause",
      "explanation": "In legal liability, the nearest or most direct cause of damage is considered, not the remote causes. It is widely applied in insurance and tort law.",
      "landmarkCase": "Pawsey v. Scottish Union and National Insurance Co. (1907) ILR 34 Cal 202",
      "example": "If a building collapses due to an earthquake, the causa proxima of the damage is the natural disaster, not the weak foundation."
    },
    {
      "maxim": "Lex talionis",
      "meaning": "The law of retaliation",
      "explanation": "An ancient principle meaning 'an eye for an eye.' It reflects retributive justice where punishment mirrors the crime. Rarely used in modern law.",
      "landmarkCase": "Not directly applied in modern Indian law",
      "example": "The idea that a thief’s hand should be cut off is a classic example of lex talionis."
    },
    {
      "maxim": "Vis major",
      "meaning": "Superior force",
      "explanation": "Also known as 'act of God,' it refers to natural or unavoidable catastrophes that exempt parties from contractual obligations or liability.",
      "landmarkCase": "Nichols v. Marsland (1876) 2 Ex D 1",
      "example": "If a flood destroys goods in a warehouse, the owner may not be liable due to vis major."
    },
    {
      "maxim": "Nemo moriturus praesumitur mentire",
      "meaning": "A man will not meet his maker with a lie",
      "explanation": "A dying declaration is presumed to be true, as a person on the verge of death is unlikely to lie.",
      "landmarkCase": "K.R. Reddy v. State of Andhra Pradesh, AIR 1976 SC 1994",
      "example": "A victim naming their attacker just before dying is credible under this maxim."
    },
    {
      "maxim": "Falsus in uno, falsus in omnibus",
      "meaning": "False in one thing, false in everything",
      "explanation": "If a witness lies on one material point, their entire testimony may be disbelieved. Not strictly applied in Indian law.",
      "landmarkCase": "Ugar Ahir v. State of Bihar, AIR 1965 SC 277",
      "example": "If a witness lies about seeing the accused at the crime scene, it doesn't necessarily mean their entire testimony is false."
    },
    {
      "maxim": "Ignorantia juris non excusat",
      "meaning": "Ignorance of law is no excuse",
      "explanation": "A person cannot escape liability by claiming ignorance of the law. Everyone is presumed to know the law of the land.",
      "landmarkCase": "Motilal Padampat Sugar Mills v. State of U.P., AIR 1979 SC 621",
      "example": "A person cannot avoid a traffic fine by claiming they didn’t know the speed limit."
    },
    {
      "maxim": "Ignorantia facti excusat",
      "meaning": "Ignorance of fact is an excuse",
      "explanation": "A person may be excused from liability if they acted under a genuine mistake of fact, provided it was reasonable.",
      "landmark_case": "State of Orissa v. Khora Ghasi, AIR 1978 SC 27 – The accused, who mistook a human for a wild animal in self-defense, was acquitted due to mistake of fact.",
      "example": "If someone takes another’s umbrella thinking it is theirs, it may be excused as ignorantia facti."
    },
    {
      "maxim": "Estoppel",
      "meaning": "Preclusion from denying",
      "explanation": "Prevents a person from going back on a representation made by words or conduct if another relied on it to their detriment.",
      "landmark_case": "Central London Property Trust Ltd. v. High Trees House Ltd. [1947] KB 130 – The principle of promissory estoppel was established.",
      "example": "A landlord who accepts lower rent during wartime cannot later demand full rent for that period."
    },
    {
      "maxim": "Lis pendens",
      "meaning": "Pending litigation",
      "explanation": "When a property dispute is under litigation, parties cannot transfer or deal with the property to defeat the outcome of the case.",
      "landmark_case": "Jayaram Mudaliar v. Ayyaswami, AIR 1973 SC 569 – The Court applied the doctrine of lis pendens to a transfer made during litigation.",
      "example": "Selling a house while a title dispute is pending in court does not affect the rights determined by the court."
    },
    {
      "maxim": "Inter alia",
      "meaning": "Among other things",
      "explanation": "Used in legal drafting to indicate that what follows is part of a larger list. It emphasizes that there are other relevant items not mentioned.",
      "landmark_case": "Not case-specific, but commonly used in judgments, pleadings, and contracts.",
      "example": "“The accused was charged with theft, inter alia, under Sections 379 and 411 IPC.”"
    },
    {
      "maxim": "Ad idem",
      "meaning": "To the same thing",
      "explanation": "Indicates that all parties to a contract are of the same mind regarding the terms and subject matter. It is essential for consensus and contract formation.",
      "landmark_case": "Raffles v. Wichelhaus (1864) 2 H & C 906 – The contract failed due to misunderstanding; no ad idem existed between the parties.",
      "example": "If both parties agree to sell and buy “car” but one means a Toyota and the other a Mercedes, there is no ad idem."
    },
    {
      "maxim": "In limine",
      "meaning": "At the threshold",
      "explanation": "Refers to a preliminary objection or motion raised at the beginning of a legal proceeding, often to dismiss a case before trial.",
      "landmark_case": "State of Orissa v. Ram Chander Agarwala, AIR 1979 SC 87 – The Court entertained and upheld an in limine objection to bar maintainability of an appeal.",
      "example": "A plea to dismiss a petition for lack of jurisdiction may be filed in limine."
    },
    {
      "maxim": "Ex parte",
      "meaning": "From one side only",
      "explanation": "Refers to proceedings or orders made in the absence of the other party, typically in urgent situations or when the other party fails to appear.",
      "landmark_case": "Maneka Gandhi v. Union of India, AIR 1978 SC 597 – The Court emphasized that ex parte orders affecting rights must be followed by an opportunity to be heard.",
      "example": "A court issues an ex parte injunction to stop demolition when the opposing party has not yet responded."
    },
    {
      "maxim": "Jus naturale",
      "meaning": "Natural law",
      "explanation": "Refers to legal principles based on reason, morality, and ethics, believed to be inherent in human nature and not dependent on enacted laws.",
      "landmark_case": "Kesavananda Bharati v. State of Kerala, AIR 1973 SC 1461 – Natural justice and dignity of the individual were recognized as part of the basic structure, reflecting jus naturale.",
      "example": "The right to life and dignity are considered part of jus naturale."
    },
    {
      "maxim": "Sine die",
      "meaning": "Without a day",
      "explanation": "When a case or meeting is adjourned sine die, it means it is postponed indefinitely without assigning a specific date for resumption.",
      "landmark_case": "Not tied to a specific case, but used frequently in court adjournments and legislative sessions.",
      "example": "A court may adjourn a matter sine die if crucial documents are unavailable and no date can be fixed for the next hearing."
    },
    {
      "maxim": "Noscitur a sociis",
      "meaning": "A word is known by the company it keeps",
      "explanation": "When interpreting ambiguous words in a statute, their meaning can be derived from surrounding words that provide context.",
      "landmark_case": "K.K. Kochuni v. State of Madras, AIR 1960 SC 1080 – The Supreme Court applied noscitur a sociis to interpret legislative intent based on word grouping.",
      "example": "In the phrase \"vehicles such as cars, trucks, and bicycles,\" the word \"vehicles\" is interpreted in light of its associated terms."
    },
    {
      "maxim": "Expressio unius est exclusio alterius",
      "meaning": "The express mention of one thing excludes others",
      "explanation": "If a law expressly includes certain items, others not mentioned are presumed to be excluded.",
      "landmark_case": "Gokul Chand v. Parvin Kumar, AIR 1950 SC 1 – The Court applied this maxim to interpret provisions of the Code of Criminal Procedure.",
      "example": "If a rule says “no vehicles except ambulances,” then police cars are excluded under this maxim."
    },
    {
      "maxim": "Ratio legis",
      "meaning": "Reason of the law",
      "explanation": "Refers to the underlying reason or object behind a legal provision. Understanding ratio legis helps interpret the true intent of legislation.",
      "landmark_case": "State of Punjab v. Devans Modern Breweries Ltd., AIR 2004 SC 4495 – The Court focused on the ratio legis to uphold the legislative purpose behind tax policies.",
      "example": "The ratio legis behind consumer protection laws is to prevent unfair trade practices."
    },
    {
      "maxim": "Obscure legis",
      "meaning": "Obscure or ambiguous law",
      "explanation": "When the language of a statute is unclear, judges may resort to interpretation methods like legislative intent or precedent to clarify it.",
      "landmark_case": "Kanai Lal Sur v. Paramnidhi Sadhukhan, AIR 1957 SC 907 – The Court dealt with obscure legis by examining the object and purpose of the law.",
      "example": "Vague terms like “reasonable time” may require judicial interpretation due to obscure legis."
    },
    {
      "maxim": "Pari materia",
      "meaning": "On the same subject matter",
      "explanation": "Statutes dealing with the same subject matter must be read together and interpreted harmoniously to avoid contradictions.",
      "landmark_case": "Maulavi Hussein Haji Abraham Umarji v. State of Gujarat, AIR 2004 SC 3946 – The Court read related provisions of different statutes pari materia to interpret anti-terror laws.",
      "example": "The Indian Evidence Act and CrPC may be interpreted pari materia when dealing with admissibility of confessions."
    },
    {
      "maxim": "Reductio ad absurdum",
      "meaning": "Reduction to absurdity",
      "explanation": "A method of legal reasoning where an interpretation that leads to an absurd result is rejected in favour of one that makes logical and legal sense.",
      "landmark_case": "Shiv Shakti Coop. Housing Society v. Swaraj Developers, AIR 2003 SC 2434 – The Court avoided an absurd outcome by rejecting a literal interpretation.",
      "example": "If a statute is interpreted to mean that a person can be punished without trial, such an interpretation would be rejected using reductio ad absurdum."
    },
    {
      "maxim": "Bona fide",
      "meaning": "In good faith",
      "explanation": "Refers to honest intention without any intent to deceive or defraud. It is a key principle in contracts, criminal law, and administrative decisions.",
      "landmark_case": "Smt. S.R. Venkataraman v. Union of India, AIR 1979 SC 49 – The Court struck down an order passed without bona fide reasons.",
      "example": "A purchaser who buys stolen goods unknowingly is still protected if acting bona fide under certain laws."
    },
    {
      "maxim": "Mala fide",
      "meaning": "In bad faith",
      "explanation": "Refers to actions done with dishonest intention or ulterior motive, especially in misuse of power or fraudulent dealings.",
      "landmark_case": "Express Newspapers Pvt. Ltd. v. Union of India, AIR 1986 SC 872 – The Court invalidated government action for being mala fide.",
      "example": "If an official transfers an employee for personal revenge, it is a mala fide exercise of power."
    },
    {
      "maxim": "Pro bono publico",
      "meaning": "For the public good",
      "explanation": "Legal services or actions undertaken without payment for the benefit of the public or a disadvantaged group.",
      "landmark_case": "M.C. Mehta v. Union of India, AIR 1987 SC 965 – The Court entertained a pro bono public interest litigation on environmental issues.",
      "example": "A lawyer represents slum dwellers for free in a case to prevent forced eviction, acting pro bono publico."
    },
    {
      "maxim": "Ad hoc",
      "meaning": "For this purpose",
      "explanation": "Something created or appointed for a specific case or situation, often temporary in nature.",
      "landmark_case": "Supreme Court Advocates-on-Record Assn. v. Union of India, AIR 2016 SC 117 – The Court commented on the use of ad hoc judges to maintain judicial strength.",
      "example": "An ad hoc committee is formed to investigate a one-time incident."
    },
    {
      "maxim": "Ipso facto",
      "meaning": "By the fact itself",
      "explanation": "Refers to a situation where a result or consequence automatically follows from the very act or fact, without needing further proof.",
      "landmark_case": "State of Kerala v. N.M. Thomas, AIR 1976 SC 490 – The term ipso facto was used to explain that a rule is not unconstitutional ipso facto unless discriminatory in effect.",
      "example": "If a contract says it terminates upon breach, then the contract ends ipso facto when a breach occurs."
    },
    {
      "maxim": "Sui generis",
      "meaning": "Of its own kind",
      "explanation": "Describes something unique or in a category of its own, not falling within any standard classification. Often used in legal systems, IP, and constitutional contexts.",
      "landmark_case": "Indira Nehru Gandhi v. Raj Narain, AIR 1975 SC 2299 – Indian Constitution was described as sui generis, not fitting the strict mold of federal or unitary systems.",
      "example": "The right to privacy is sui generis—derived from multiple sources but unique in its evolution."
    },
    {
      "maxim": "Vinculum juris",
      "meaning": "A bond of law",
      "explanation": "Refers to a legal obligation or relationship that binds parties under law, especially in contract or obligation law.",
      "landmark_case": "Referenced in academic and civil law contexts, especially in jurisprudence, to define a contract as a vinculum juris.",
      "example": "A contract is a vinculum juris—a legal tie binding both parties to perform their respective obligations."
    },
    {
      "maxim": "Reus",
      "meaning": "The accused or defendant",
      "explanation": "Denotes the person against whom a legal action is brought, especially in criminal trials (i.e., the guilty party).",
      "landmark_case": "Widely used in criminal law judgments; e.g., R v. Clarke (1972) – Discussion on criminal liability with reference to the reus.",
      "example": "In criminal law, actus reus refers to the guilty act committed by the reus (accused person)."
    },
    {
      "maxim": "Jus civile",
      "meaning": "Civil law",
      "explanation": "Refers to the law that governs private rights and obligations among citizens, distinct from criminal or international law.",
      "landmark_case": "Historically rooted in Roman Law; often used in civil code jurisdictions rather than common law, not tied to a specific Indian case.",
      "example": "Disputes over contracts, property, or tort fall within the realm of jus civile."
    },
    {
      "maxim": "Jus gentium",
      "meaning": "Law of nations",
      "explanation": "Refers to international law or principles governing relations between sovereign states, originating from Roman law.",
      "landmark_case": "Gramophone Co. of India Ltd. v. Birendra Bahadur Pandey, AIR 1984 SC 667 – The Court referred to jus gentium in discussing India’s obligation under international law.",
      "example": "Treaties on diplomatic immunity and human rights are governed by jus gentium."
    },
    {
      "maxim": "Jus cogens",
      "meaning": "Compelling law",
      "explanation": "Refers to peremptory norms in international law that are universally binding and cannot be violated by treaties or agreements.",
      "landmark_case": "Bhim Singh v. Union of India, AIR 2010 SC 3064 – The Court referred to jus cogens principles while upholding the inviolability of human rights.",
      "example": "Prohibition of torture or genocide is a jus cogens norm and binding on all states."
    },
    {
      "maxim": "De minimis non curat lex",
      "meaning": "The law does not concern itself with trifles",
      "explanation": "Courts will not entertain legal actions for trivial or insignificant matters that do not warrant judicial time.",
      "landmark_case": "State of Maharashtra v. M.H. George, AIR 1965 SC 722 – Though minor, the act was not considered de minimis due to its implications.",
      "example": "Accidentally walking off with someone’s pen at a library is too minor for legal action—de minimis non curat lex."
    },
    {
      "maxim": "Actor incumbit onus probandi",
      "meaning": "The burden of proof lies on the plaintiff",
      "explanation": "The party who brings a legal claim must prove the facts alleged. It is a fundamental principle of evidence law.",
      "landmark_case": "Kali Ram v. State of Himachal Pradesh, AIR 1973 SC 2773 – The burden of proof in criminal cases was emphasized on the prosecution.",
      "example": "In a civil suit for recovery of money, the plaintiff must prove the loan was given."
    },
    {
      "maxim": "Contra bonos mores",
      "meaning": "Against good morals",
      "explanation": "Agreements or actions that offend public morality are unenforceable or void.",
      "landmark_case": "Pearce v. Brooks (1866) LR 1 Ex 213 – A contract to provide a carriage for prostitution was held void as contra bonos mores.",
      "example": "A contract to lease property for illegal gambling is unenforceable because it is contra bonos mores."
    },
    {
      "maxim": "Amicus curiae",
      "meaning": "Friend of the court",
      "explanation": "A person or organization not a party to the case who offers information, expertise, or insight to assist the court in deciding a matter.",
      "landmark_case": "Shreya Singhal v. Union of India, AIR 2015 SC 1523 – Several legal scholars appeared as amicus curiae in the case concerning free speech.",
      "example": "In constitutional matters, NGOs or experts are often appointed amicus curiae to help the court with complex issues."
    }
]
}


  
