{
  "sections": [
    {
      "section": "1",
      "title": "Short title and extent",
      "content": "This Act may be called the Hindu Marriage Act, 1955. It extends to the whole of India except the State of Jammu and Kashmir, and applies also to Hindus domiciled in the territories to which this Act extends who are outside the said territories.",
      "explanation": "Section 1 establishes the official name of the Act and sets its territorial scope. It ensures that the Act applies not only within India (except Jammu and Kashmir before its integration) but also to Hindus domiciled in these territories even if they are living abroad.",
      "illustration": "A Hindu couple domiciled in Delhi but residing in Canada at the time of their marriage will still have their marriage governed by the Hindu Marriage Act, 1955.",
      "case_law": {
        "name": "Smt. Chand Dhawan v. Jawahar Lal Dhawan",
        "citation": "AIR 1993 SC 1742",
        "note": "The Supreme Court held that the Act applies to Hindus domiciled in India even if the marriage is solemnized abroad, reaffirming the Act's extra-territorial scope."
      },
      "summary": "Section 1 names the Act as the Hindu Marriage Act, 1955, defines its territorial jurisdiction, and establishes that it applies to Hindus domiciled in India even if residing outside the country.",
      "keywords": ["Hindu Marriage Act", "short title", "extent", "domicile", "territorial applicability", "extra-territorial", "India"]
    },
    {
      "section": "2",
      "title": "Application of Act",
      "content": "This Act applies to any person who is a Hindu by religion in any of its forms or developments, including a Virashaiva, Lingayat or a follower of the Brahmo, Prarthana or Arya Samaj; to any person who is a Buddhist, Jaina or Sikh by religion; and to any other person domiciled in the territories to which this Act extends who is not a Muslim, Christian, Parsi or Jew by religion, unless it is proved that such person would not have been governed by Hindu law if this Act had not been passed. It also includes converts and children of Hindu parents. The Act does not apply to members of Scheduled Tribes unless the Central Government directs otherwise.",
      "explanation": "Section 2 clarifies to whom the Act applies, extending it to all Hindus (including sects like Virashaivas and Lingayats), Buddhists, Jainas, and Sikhs. It includes converts to Hinduism and children of Hindu parents. It excludes Muslims, Christians, Parsis, and Jews, unless evidence shows they would be governed by Hindu law. Scheduled Tribes are excluded unless specifically notified.",
      "illustration": "A Sikh couple marrying in Punjab will be governed by the Hindu Marriage Act. Similarly, a child born to a Hindu mother and Buddhist father brought up as a Hindu is covered by this Act.",
      "case_law": {
        "name": "Shastri v. Shastri",
        "citation": "AIR 1957 Bom 113",
        "note": "The court held that Buddhists and Jainas are considered Hindus for the purposes of this Act, emphasizing the Act’s inclusive scope."
      },
      "summary": "Section 2 defines the persons governed by the Act, covering Hindus, Buddhists, Jainas, and Sikhs, as well as converts and children of Hindu parents. It excludes Muslims, Christians, Parsis, Jews, and Scheduled Tribes unless otherwise notified.",
      "keywords": ["Hindu Marriage Act", "application", "Hindu", "Buddhist", "Jaina", "Sikh", "converts", "Scheduled Tribes", "personal law"]
    },
    {
      "section": "3",
      "title": "Definitions",
      "content": "This section defines key terms used in the Act. 'Custom' and 'usage' signify any rule continuously and uniformly observed for a long time among Hindus in a local area, community, or family, provided it is not unreasonable or against public policy. 'District court' refers to the principal civil court of original jurisdiction or any specified court. 'Full blood', 'half blood', and 'uterine blood' define degrees of relation based on common ancestors. 'Sapinda relationship' extends to the third generation through the mother and fifth through the father. 'Degrees of prohibited relationship' include lineal ascendants/descendants and certain collateral relations unless permitted by custom.",
      "explanation": "Section 3 provides essential definitions that form the basis of the Act, clarifying relationships and customs relevant to Hindu marriages. These definitions are critical for determining the validity of marriages, prohibited relationships, and applicability of customs.",
      "illustration": "If two people share a common grandfather through different wives, they are related by half blood and fall within sapinda relationship if within the prescribed generations.",
      "case_law": {
        "name": "Smt. Leela v. Lakshmi",
        "citation": "AIR 1978 Mad 13",
        "note": "The court emphasized that for a custom to have legal force under Section 3, it must be ancient, certain, and not opposed to public policy."
      },
      "summary": "Section 3 lays down precise legal definitions of terms such as 'custom', 'usage', 'sapinda relationship', and 'degrees of prohibited relationship', which are fundamental in determining the legality of Hindu marriages under the Act.",
      "keywords": ["Hindu Marriage Act", "definitions", "custom", "usage", "sapinda relationship", "prohibited relationship", "district court", "full blood", "half blood"]
    },
    {
      "section": "4",
      "title": "Overriding effect of Act",
      "content": "This section provides that any text, rule, or custom of Hindu law, or any other law in force before the commencement of this Act, shall cease to have effect regarding matters for which the Act makes provision, unless expressly provided otherwise. Inconsistencies between this Act and prior laws are overridden by this Act.",
      "explanation": "Section 4 ensures the supremacy of the Hindu Marriage Act over all previous Hindu law texts, customs, or conflicting laws concerning matters covered under this Act. It modernizes Hindu personal law by removing conflicting traditional practices.",
      "illustration": "If a community custom allows child marriage, it becomes void if inconsistent with the conditions for marriage under Section 5 of this Act.",
      "case_law": {
        "name": "M. Krishnan v. Vijay Singh",
        "citation": "AIR 2001 SC 1530",
        "note": "The Supreme Court held that Section 4 overrides any prior custom or text of Hindu law inconsistent with the provisions of the Act."
      },
      "summary": "Section 4 gives the Act overriding effect over all previous Hindu law texts, customs, and other laws in matters covered under this Act, ensuring uniformity and legal clarity.",
      "keywords": ["Hindu Marriage Act", "overriding effect", "custom", "Hindu law", "inconsistency", "supremacy", "personal law"]
    },
    {
      "section": "5",
      "title": "Conditions for a Hindu marriage",
      "content": "A marriage between two Hindus may be solemnized if: (i) neither party has a living spouse; (ii) neither party is incapable of valid consent due to unsoundness of mind, or suffers from such mental disorder making them unfit for marriage and procreation, or has recurrent insanity; (iii) the groom is at least 21 and the bride at least 18; (iv) the parties are not within prohibited relationships unless allowed by custom; (v) the parties are not sapindas unless allowed by custom.",
      "explanation": "Section 5 lays down the essential conditions for a valid Hindu marriage, ensuring monogamy, mental capacity, minimum age, and prohibiting marriages within close blood relations unless sanctioned by custom.",
      "illustration": "If a man marries while his first wife is still alive and the marriage is not dissolved, the second marriage is void under this section.",
      "case_law": {
        "name": "Yamunabai Anantrao Adhav v. Anantrao Shivram Adhav",
        "citation": "AIR 1988 SC 644",
        "note": "The Supreme Court held that a marriage in contravention of Section 5(i) (bigamy) is void and confers no spousal rights."
      },
      "summary": "Section 5 sets out mandatory conditions for a valid Hindu marriage, covering monogamy, mental competence, legal age, and restrictions on prohibited and sapinda relationships.",
      "keywords": ["Hindu Marriage Act", "conditions", "valid marriage", "monogamy", "mental capacity", "minimum age", "sapinda", "prohibited relationship"]
    },
    {
      "section": "6",
      "title": "Guardianship in marriage",
      "content": "Omitted by the Child Marriage Restraint (Amendment) Act, 1978.",
      "explanation": "Originally, Section 6 allowed guardians to give consent for the marriage of minors. This was omitted in 1978 to align the Act with child marriage prohibition laws and to ensure that marriages are based on consent of the individuals themselves.",
      "illustration": "Before 1978, a guardian could give consent for a minor's marriage. After omission, such marriages are invalid unless meeting the conditions under Section 5.",
      "case_law": {
        "name": "Lila v. Laxmi",
        "citation": "AIR 1989 MP 99",
        "note": "The court clarified that after the omission of Section 6, guardianship consent has no role in validating Hindu marriages."
      },
      "summary": "Section 6, dealing with guardianship in marriage, was omitted to eliminate guardian-consented child marriages and align the Act with modern child protection principles.",
      "keywords": ["Hindu Marriage Act", "guardianship", "child marriage", "omission", "consent", "minor marriage"]
    },
    {
      "section": "7",
      "title": "Ceremonies for a Hindu marriage",
      "content": "A Hindu marriage may be solemnized in accordance with the customary rites and ceremonies of either party. Where such rites include the Saptapadi (taking of seven steps before the sacred fire), the marriage becomes complete and binding upon the taking of the seventh step.",
      "explanation": "Section 7 validates Hindu marriages solemnized through customary rites and ceremonies of either party. If Saptapadi is part of the ceremony, the seventh step marks the legal completion of the marriage, giving it binding force under the Act.",
      "illustration": "If a Hindu couple performs Saptapadi during their wedding rituals, the marriage is legally recognized when the seventh step is completed before the sacred fire.",
      "case_law": {
        "name": "Bhaurao Shankar Lokhande v. State of Maharashtra",
        "citation": "AIR 1965 SC 1564",
        "note": "The Supreme Court held that unless the ceremonies essential by custom, including Saptapadi where required, are performed, a Hindu marriage is not valid under Section 7."
      },
      "summary": "Section 7 recognizes marriages solemnized through Hindu customary rites and emphasizes that if Saptapadi is performed, the seventh step marks the legal completion of the marriage.",
      "keywords": ["Hindu Marriage Act", "ceremonies", "customary rites", "Saptapadi", "valid marriage", "Hindu rituals"]
    },
    {
      "section": "8",
      "title": "Registration of Hindu marriages",
      "content": "To facilitate proof of Hindu marriages, the State Government may make rules for voluntary or compulsory registration of marriages in a Hindu Marriage Register. The register is admissible as evidence and open for inspection. Omission to register does not affect the validity of the marriage.",
      "explanation": "Section 8 empowers State Governments to frame rules for recording Hindu marriages in a Marriage Register, making proof easier in legal proceedings. While registration is encouraged and may be made compulsory by states, non-registration does not invalidate the marriage.",
      "illustration": "A couple married under Hindu rites registers their marriage with the state Marriage Registrar. The registration certificate serves as proof in a property dispute case.",
      "case_law": {
        "name": "Seema v. Ashwani Kumar",
        "citation": "AIR 2006 SC 1158",
        "note": "The Supreme Court directed compulsory registration of all marriages irrespective of religion to safeguard rights of women and children, highlighting the importance of Section 8."
      },
      "summary": "Section 8 provides for the registration of Hindu marriages to serve as proof in legal proceedings, while clarifying that non-registration does not affect the validity of the marriage itself.",
      "keywords": ["Hindu Marriage Act", "registration", "Hindu Marriage Register", "evidence", "State Government rules"]
    },
    {
      "section": "9",
      "title": "Restitution of conjugal rights",
      "content": "When either spouse withdraws from the society of the other without reasonable excuse, the aggrieved party may apply to the district court for restitution of conjugal rights. The burden of proving reasonable excuse lies on the withdrawing party.",
      "explanation": "Section 9 provides a remedy for an aggrieved spouse to seek a court decree compelling the other spouse to resume cohabitation if they have withdrawn without reasonable cause. The provision balances marital obligations and individual rights, with the burden of proof on the party withdrawing.",
      "illustration": "If a wife leaves her husband's home without justification, the husband can petition the court for restitution. If she fails to prove a reasonable excuse, the court may order her to return.",
      "case_law": {
        "name": "Saroj Rani v. Sudarshan Kumar Chadha",
        "citation": "AIR 1984 SC 1562",
        "note": "The Supreme Court upheld the constitutionality of Section 9, stating that restitution of conjugal rights aims to preserve marriage and is not violative of individual liberty."
      },
      "summary": "Section 9 allows an aggrieved spouse to seek restitution of conjugal rights if the other has withdrawn without reasonable cause, placing the burden of proof on the withdrawing party.",
      "keywords": ["Hindu Marriage Act", "restitution of conjugal rights", "marital obligations", "burden of proof", "district court"]
    },
    {
      "section": "10",
      "title": "Judicial separation",
      "content": "Either party to a marriage may petition for a decree of judicial separation on any ground available for divorce under Section 13. Upon granting judicial separation, cohabitation is no longer obligatory. The court may rescind the decree if just and reasonable.",
      "explanation": "Section 10 provides spouses an alternative to divorce by allowing judicial separation while preserving the marital tie. It suspends the duty of cohabitation but retains the marriage, offering a chance for reconciliation. Grounds for judicial separation mirror those for divorce under Section 13.",
      "illustration": "A husband files for judicial separation on the ground of cruelty. The court grants the decree, allowing the couple to live apart while still being legally married.",
      "case_law": {
        "name": "Hirachand Srinivas Managaonkar v. Sunanda",
        "citation": "AIR 2001 SC 1285",
        "note": "The Supreme Court emphasized that judicial separation serves as a cooling-off period, offering a chance for reconciliation before seeking divorce."
      },
      "summary": "Section 10 allows spouses to seek judicial separation based on grounds for divorce under Section 13, suspending cohabitation duties while keeping the marriage intact to facilitate reconciliation.",
      "keywords": ["Hindu Marriage Act", "judicial separation", "grounds for divorce", "cooling-off period", "marital obligations"]
    },
    {
      "section": "11",
      "title": "Void marriages",
      "content": "Any marriage solemnised after the commencement of this Act shall be null and void and may be so declared by a decree of nullity if it contravenes any of the conditions specified in clauses (i), (iv), or (v) of Section 5. Either party may present a petition against the other party for such a decree.",
      "explanation": "Section 11 declares marriages void ab initio if they violate essential conditions under Section 5, namely bigamy (clause i), prohibited degrees of relationship (clause iv), or sapinda relationship (clause v). Such marriages have no legal validity from the beginning, and a decree of nullity serves to officially declare the same.",
      "illustration": "If a man marries a woman while having a legally wedded wife alive, the marriage is void under Section 11 as it violates the condition in Section 5(i).",
      "case_law": {
        "name": "Yamunabai Anantrao Adhav v. Anantrao Shivram Adhav",
        "citation": "AIR 1988 SC 644",
        "note": "The Supreme Court held that a marriage solemnized while either party has a living spouse is void under Section 11, and no rights arise from such marriage."
      },
      "summary": "Section 11 renders marriages void if they contravene clauses (i), (iv), or (v) of Section 5, making them invalid from inception and permitting either party to seek a decree of nullity.",
      "keywords": ["Hindu Marriage Act", "void marriage", "decree of nullity", "Section 5 conditions", "bigamy", "sapinda relationship", "prohibited relationship"]
    },
    {
      "section": "12",
      "title": "Voidable marriages",
      "content": "A marriage, whether solemnised before or after the commencement of this Act, is voidable and may be annulled by a decree of nullity on grounds including impotence of the respondent, contravention of Section 5(ii), consent obtained by force or fraud, or the respondent being pregnant by another person at the time of marriage. Certain time limits and conditions apply for filing such petitions.",
      "explanation": "Section 12 distinguishes voidable marriages from void marriages. A voidable marriage is valid until annulled by a court decree and can be challenged on specific grounds like lack of consummation due to impotence, mental incapacity, fraud, or pre-marital pregnancy. Statutory limitations ensure timely action and prevent misuse.",
      "illustration": "If a husband discovers that his wife was pregnant by another man at the time of marriage, he may file a petition under Section 12 for annulment within one year of discovering the fact.",
      "case_law": {
        "name": "Smt. R. Lakshmi Narayan v. Santhi",
        "citation": "(2001) 4 SCC 688",
        "note": "The Supreme Court clarified that impotence making consummation impossible is a valid ground for annulment under Section 12 and must be proved with strong evidence."
      },
      "summary": "Section 12 makes certain marriages voidable on grounds like impotence, fraud, mental incapacity, or pre-marital pregnancy, allowing annulment upon petition while imposing time-bound restrictions to prevent abuse.",
      "keywords": ["Hindu Marriage Act", "voidable marriage", "annulment", "impotence", "fraud", "pre-marital pregnancy", "decree of nullity"]
    },
    {
  "section": "13",
  "title": "Divorce",
  "text": "(1) Any marriage solemnized, whether before or after the commencement of this Act, may, on a petition presented by either the husband or the wife, be dissolved by a decree of divorce on the ground that the other party—\n(i) has, after the solemnization of the marriage, had voluntary sexual intercourse with any person other than his or her spouse; or\n(ia) has, after the solemnization of the marriage, treated the petitioner with cruelty; or\n(ib) has deserted the petitioner for a continuous period of not less than two years immediately preceding the presentation of the petition; or\n(ii) has ceased to be a Hindu by conversion to another religion; or\n(iii) has been incurably of unsound mind, or has been suffering continuously or intermittently from mental disorder of such a kind and to such an extent that the petitioner cannot reasonably be expected to live with the respondent.\nExplanation.—In this clause,—\n(a) the expression 'mental disorder' means mental illness, arrested or incomplete development of mind, psychopathic disorder or any other disorder or disability of mind and includes schizophrenia;\n(b) the expression 'psychopathic disorder' means a persistent disorder or disability of mind (whether or not including sub-normality of intelligence) which results in abnormally aggressive or seriously irresponsible conduct on the part of the other party, and whether or not it requires or is susceptible to medical treatment; or\n(v) has been suffering from venereal disease in a communicable form; or\n(vi) has renounced the world by entering any religious order; or\n(vii) has not been heard of as being alive for a period of seven years or more by those persons who would naturally have heard of it, had that party been alive.\nExplanation.—In this sub-section, the expression 'desertion' means the desertion of the petitioner by the other party to the marriage without reasonable cause and without the consent or against the wish of such party, and includes the wilful neglect of the petitioner by the other party to the marriage, and its grammatical variations and cognate expressions shall be construed accordingly.\n(1A) Either party to a marriage, whether solemnized before or after the commencement of this Act, may also present a petition for the dissolution of the marriage by a decree of divorce on the ground—\n(i) that there has been no resumption of cohabitation as between the parties to the marriage for a period of one year or upwards after the passing of a decree for judicial separation in a proceeding to which they were parties; or\n(ii) that there has been no restitution of conjugal rights as between the parties to the marriage for a period of one year or upwards after the passing of a decree for restitution of conjugal rights in a proceeding to which they were parties.\n(2) A wife may also present a petition for the dissolution of her marriage by a decree of divorce on the ground,—\n(i) in the case of any marriage solemnized before the commencement of this Act, that the husband had married again before such commencement or that any other wife of the husband married before such commencement was alive at the time of the solemnization of the marriage of the petitioner: Provided that in either case the other wife is alive at the time of the presentation of the petition; or\n(ii) that the husband has, since the solemnization of the marriage, been guilty of rape, sodomy or bestiality; or\n(iii) that in a suit under section 18 of the Hindu Adoptions and Maintenance Act, 1956 (78 of 1956), or in a proceeding under section 125 of the Code of Criminal Procedure, 1973 (2 of 1974) (or under the corresponding section 488 of the Code of Criminal Procedure, 1898 (5 of 1898), a decree or order, as the case may be, has been passed against the husband awarding maintenance to the wife notwithstanding that she was living apart and that since the passing of such decree or order, cohabitation between the parties has not been resumed for one year or upwards;\n(iv) that her marriage (whether consummated or not) was solemnized before she attained the age of fifteen years and she has repudiated the marriage after attaining that age but before attaining the age of eighteen years.\nExplanation.—This clause applies whether the marriage was solemnized before or after the commencement of the Marriage Laws (Amendment) Act, 1976 (68 of 1976).",
  "explanation": "Section 13 provides comprehensive grounds for dissolution of marriage through divorce. It includes matrimonial offenses like adultery, cruelty, and desertion, as well as circumstances like conversion, mental disorder, and renunciation of the world. The section also contains special provisions for wives and allows petitions when there has been no cohabitation after decrees of judicial separation or restitution of conjugal rights. This ensures both fault-based and no-fault grounds are covered under Hindu marriage law.",
  "illustration": "A husband continuously abuses his wife physically and mentally, causing her severe distress. She files for divorce under Section 13(1)(ia) on the ground of cruelty. The court grants the decree after finding evidence of ill-treatment.",
  "case_law": {
    "name": "Naveen Kohli v. Neelu Kohli",
    "citation": "(2006) 4 SCC 558",
    "note": "The Supreme Court held that cruelty under Section 13(1)(ia) includes mental cruelty where the relationship has broken down irretrievably and living together has become impossible."
  },
  "summary": "Section 13 of the Hindu Marriage Act lays down detailed grounds for divorce, including adultery, cruelty, desertion, conversion, mental disorder, venereal disease, and renunciation of the world. It provides additional protections for wives and introduces no-fault divorce through lack of cohabitation post-judicial separation or restitution of conjugal rights. The section balances individual rights with matrimonial obligations, making it one of the most important provisions of Hindu matrimonial law.",
  "keywords": ["Hindu Marriage Act", "divorce", "matrimonial offenses", "adultery", "cruelty", "desertion", "mental disorder", "judicial separation", "restitution of conjugal rights", "special grounds for wife"]
},
{
  "section": "13A",
  "title": "Alternate relief in divorce proceedings",
  "text": "In any proceeding under this Act, on a petition for dissolution of marriage by a decree of divorce, except in so far as the petition is founded on the grounds mentioned in clauses (ii), (vi) and (vii) of sub-section (1) of section 13, the court may, if it considers it just so to do having regard to the circumstances of the case, pass instead a decree for judicial separation.",
  "explanation": "Section 13A empowers the court to grant a decree for judicial separation instead of divorce even when a divorce is sought, provided the petition is not based on conversion, renunciation, or presumption of death. This section introduces judicial discretion to attempt preserving the marriage or to provide a less drastic remedy when complete dissolution is not appropriate.",
  "illustration": "A wife petitions for divorce on the ground of cruelty. The court finds evidence of cruelty but also observes a possibility of reconciliation. Instead of granting divorce, the court passes a decree for judicial separation under Section 13A.",
  "case_law": {
    "name": "K. Srinivas Rao v. D.A. Deepa",
    "citation": "(2013) 5 SCC 226",
    "note": "The Supreme Court emphasized that Section 13A provides discretion to the court to grant judicial separation instead of divorce where the circumstances warrant an opportunity for reconciliation."
  },
  "summary": "Section 13A gives the court discretionary power to substitute a decree of judicial separation in place of divorce when justice requires it, except where the grounds are conversion, renunciation, or presumed death. It reflects the legislative intent to preserve marriage where possible.",
  "keywords": ["Hindu Marriage Act", "divorce", "judicial separation", "alternate relief", "court discretion", "marriage preservation"]
},
{
  "section": "13B",
  "title": "Divorce by mutual consent",
  "text": "(1) Subject to the provisions of this Act a petition for dissolution of marriage by a decree of divorce may be presented to the district court by both the parties to a marriage together, whether such marriage was solemnized before or after the commencement of the Marriage Laws (Amendment) Act, 1976 (68 of 1976), on the ground that they have been living separately for a period of one year or more, that they have not been able to live together and that they have mutually agreed that the marriage should be dissolved.\n(2) On the motion of both the parties made not earlier than six months after the date of the presentation of the petition referred to in sub-section (1) and not later than eighteen months after the said date, if the petition is not withdrawn in the meantime, the court shall, on being satisfied, after hearing the parties and after making such inquiry as it thinks fit, that a marriage has been solemnized and that the averments in the petition are true, pass a decree of divorce declaring the marriage to be dissolved with effect from the date of the decree.",
  "explanation": "Section 13B introduces the concept of divorce by mutual consent into Hindu matrimonial law. It requires both parties to jointly file a petition and show that they have been living separately for at least one year, are unable to live together, and mutually agree to dissolve the marriage. A mandatory cooling-off period of six to eighteen months is provided to allow reconsideration before finalizing the divorce.",
  "illustration": "A husband and wife have been living apart for over a year and mutually decide their marriage has broken down irretrievably. They file a joint petition under Section 13B. After six months, they confirm their decision and the court grants a decree of divorce.",
  "case_law": {
    "name": "Amardeep Singh v. Harveen Kaur",
    "citation": "(2017) 8 SCC 746",
    "note": "The Supreme Court held that the six-month cooling-off period under Section 13B(2) is not mandatory but directory, and can be waived in appropriate cases where the marriage has irretrievably broken down."
  },
  "summary": "Section 13B allows couples to dissolve their marriage by mutual consent if they have lived separately for one year or more and agree that the marriage should end. It balances individual autonomy with a statutory waiting period for reconsideration, making it a progressive provision under Hindu marriage law.",
  "keywords": ["Hindu Marriage Act", "divorce", "mutual consent", "joint petition", "cooling-off period", "irretrievable breakdown", "Amardeep Singh case"]
},
{
  "section": "14",
  "title": "No petition for divorce to be presented within one year of marriage",
  "text": "(1) Notwithstanding anything contained in this Act, it shall not be competent for any court to entertain any petition for dissolution of a marriage by a decree of divorce, unless at the date of the presentation of the petition one year has elapsed since the date of the marriage: Provided that the court may, upon application made to it in accordance with such rules as may be made by the High Court in that behalf, allow a petition to be presented before one year has elapsed since the date of the marriage on the ground that the case is one of exceptional hardship to the petitioner or of exceptional depravity on the part of the respondent, but if it appears to the court at the hearing of the petition that the petitioner obtained leave to present the petition by any misrepresentation or concealment of the nature of the case, the court may, if it pronounces a decree, do so subject to the condition that the decree shall not have effect until after the expiry of one year from the date of the marriage or may dismiss the petition without prejudice to any petition which may be brought after expiration of the said one year upon the same or substantially the same facts as those alleged in support of the petition so dismissed.\n(2) In disposing of any application under this section for leave to present a petition for divorce before the expiration of one year from the date of the marriage, the court shall have regard to the interests of any children of the marriage and to the question whether there is a reasonable probability of a reconciliation between the parties before the expiration of the said one year.",
  "explanation": "Section 14 imposes a statutory bar on filing for divorce within the first year of marriage to protect the sanctity of the marital relationship and to prevent impulsive separations. However, the court may allow a petition before the expiry of one year in cases involving exceptional hardship to the petitioner or exceptional depravity on the part of the respondent. The provision also safeguards against misuse by allowing dismissal if leave was obtained through misrepresentation and requires the court to consider the welfare of any children and the possibility of reconciliation.",
  "illustration": "A woman faces extreme cruelty and physical abuse within three months of her marriage. She approaches the court for divorce before one year. The court, finding exceptional hardship, grants her leave to present the petition under Section 14.",
  "case_law": {
    "name": "Amit Kumar v. Suman Beniwal",
    "citation": "(2021) 15 SCC 220",
    "note": "The Supreme Court held that the one-year bar under Section 14 is mandatory except where exceptional hardship or depravity is proven, emphasizing that courts must exercise this discretion cautiously."
  },
  "summary": "Section 14 creates a mandatory one-year waiting period before filing for divorce to encourage attempts at reconciliation and prevent hasty decisions. It provides a limited exception for cases of extreme hardship or depravity, balancing marital sanctity with protection of victims of severe cruelty or misconduct.",
  "keywords": ["Hindu Marriage Act", "divorce", "one-year bar", "exceptional hardship", "exceptional depravity", "marriage sanctity", "judicial discretion"]
},
{
  "section": "15",
  "title": "Divorced persons when may marry again",
  "text": "When a marriage has been dissolved by a decree of divorce and either there is no right of appeal against the decree or, if there is such a right of appeal, the time for appealing has expired without an appeal having been presented, or an appeal has been presented but has been dismissed, it shall be lawful for either party to the marriage to marry again.",
  "explanation": "Section 15 allows divorced persons to remarry only after the decree of divorce becomes final and conclusive. This provision ensures that no party enters into another marriage while the decree is still under challenge in appeal, thereby preventing conflicting marital relationships. The right to remarry arises when either no appeal lies, the time to appeal lapses without filing, or the appeal, if filed, is dismissed.",
  "illustration": "A couple is granted a decree of divorce by the district court. No appeal is filed within the statutory period. After the appeal period expires, both parties are free to remarry under Section 15.",
  "case_law": {
    "name": "Tejinder Kaur v. Gurmit Singh",
    "citation": "(2017) 14 SCC 746",
    "note": "The Supreme Court held that a divorced person cannot remarry until the appeal period lapses or any filed appeal is dismissed, emphasizing the finality of the decree as a precondition."
  },
  "summary": "Section 15 ensures that remarriage can only occur after a divorce decree attains finality, preventing simultaneous conflicting marital ties. It provides legal certainty and safeguards the sanctity of marriage by requiring completion of appellate remedies before a fresh marriage.",
  "keywords": ["Hindu Marriage Act", "Section 15", "divorced persons", "remarriage", "finality of decree", "appeal period", "marriage law"]
},
{
  "section": "16",
  "title": "Legitimacy of children of void and voidable marriages",
  "text": "(1) Notwithstanding that a marriage is null and void under section 11, any child of such marriage who would have been legitimate if the marriage had been valid, shall be legitimate, whether such child is born before or after the commencement of the Marriage Laws (Amendment) Act, 1976 (68 of 1976), and whether or not a decree of nullity is granted in respect of that marriage under this Act and whether or not the marriage is held to be void otherwise than on a petition under this Act.\n(2) Where a decree of nullity is granted in respect of a voidable marriage under section 12, any child begotten or conceived before the decree is made, who would have been the legitimate child of the parties to the marriage if at the date of the decree it had been dissolved instead of being annulled, shall be deemed to be their legitimate child notwithstanding the decree of nullity.\n(3) Nothing contained in sub-section (1) or sub-section (2) shall be construed as conferring upon any child of a marriage which is null and void or which is annulled by a decree of nullity under section 12, any rights in or to the property of any person, other than the parents, in any case where, but for the passing of this Act, such child would have been incapable of possessing or acquiring any such rights by reason of his not being the legitimate child of his parents.",
  "explanation": "Section 16 grants legitimacy to children born out of void and voidable marriages, protecting their social and legal status irrespective of the validity of the parents' marriage. It overrides the stigma of illegitimacy and ensures that children are not penalized for circumstances beyond their control. However, it restricts property rights to the parents' estate and does not confer inheritance rights in the joint family or coparcenary property of others.",
  "illustration": "A Hindu couple’s marriage is declared void under Section 11 due to prohibited relationship. A child born out of that marriage is deemed legitimate under Section 16 and can inherit the parents' self-acquired property, though not the ancestral coparcenary property of the family.",
  "case_law": {
    "name": "Revanasiddappa v. Mallikarjun",
    "citation": "(2011) 11 SCC 1",
    "note": "The Supreme Court held that Section 16 should be interpreted liberally to confer legitimacy upon children of void and voidable marriages, safeguarding their property rights vis-à-vis parents’ estates."
  },
  "summary": "Section 16 eliminates the stigma of illegitimacy for children of void and voidable marriages, granting them legal legitimacy regardless of the validity of the marriage. It balances social justice and property law by restricting inheritance to the parents’ property, not the coparcenary estate.",
  "keywords": ["Hindu Marriage Act", "Section 16", "legitimacy of children", "void marriage", "voidable marriage", "property rights", "social justice", "inheritance"]
},
{
  "section": 17,
  "title": "Punishment of bigamy",
  "text": "17. Punishment of bigamy.—Any marriage between two Hindus solemnized after the commencement of this Act is void if at the date of such marriage either party had a husband or wife living; and the provisions of sections 494 and 495 of the Indian Penal Code, 1860 (45 of 1860), shall apply accordingly.",
  "explanation": "Section 17 enforces the prohibition of bigamy under Hindu law. It declares that any marriage between two Hindus, where either spouse has a living husband or wife at the time of the marriage, shall be void. Additionally, it makes such an act a criminal offence under Sections 494 and 495 of the IPC, which deal with bigamy and concealment of former marriage. This provision aligns the Hindu Marriage Act with criminal law to ensure that monogamy is strictly maintained under Hindu personal law.",
  "illustration": "A is a married Hindu man. Without divorcing his wife, he marries B, another Hindu woman. This marriage between A and B is void under Section 17, and A can be prosecuted under IPC Sections 494 and 495 for bigamy.",
  "case_law": {
    "name": "Smt. Priya Bala Ghosh v. Suresh Chandra Ghosh",
    "citation": "(1971) 1 SCC 864",
    "principle": "The Supreme Court held that for prosecution under Section 17 read with IPC 494, it must be proved that the second marriage was duly performed with proper ceremonies essential to constitute a valid Hindu marriage."
  },
  "summary": "Section 17 invalidates any second marriage if one spouse is already married and alive, making it void and punishable under IPC Sections 494 and 495. It ensures monogamy under Hindu personal law and imposes criminal liability for bigamy.",
  "keywords": ["Section 17", "Hindu Marriage Act", "bigamy", "void marriage", "monogamy", "IPC 494", "IPC 495", "criminal liability", "Hindu law", "second marriage"]
},
{
  "section": 18,
  "title": "Punishment for contravention of certain other conditions for a Hindu marriage",
  "text": "18. Punishment for contravention of certain other conditions for a Hindu marriage.—Every person who procures a marriage of himself or herself to be solemnized under this Act in contravention of the conditions specified in clauses (iii), (iv), [and (v)] of section 5 shall be punishable—\n\n[(a) in the case of contravention of the condition specified in clause (iii) of section 5, with rigorous imprisonment which may extend to two years or with fine which may extend to one lakh rupees, or with both.]\n\n(b) in the case of a contravention of the condition specified in clause (iv) or clause (v) of section 5, with simple imprisonment which may extend to one month, or with fine which may extend to one thousand rupees, or with both.",
  "explanation": "Section 18 imposes punishments for violating essential conditions of a Hindu marriage under Section 5. It differentiates penalties based on the severity of the contravention: child marriage (clause iii) is treated as a serious offence with up to two years’ imprisonment and heavy fines, while prohibited relationship and sapinda marriages (clauses iv and v) carry lighter penalties unless permitted by custom. The provision enforces compliance with legal marriage conditions.",
  "illustration": "A, a Hindu boy aged 19, marries B, a Hindu girl aged 16, violating Section 5(iii). Both A and B, or those involved in procuring the marriage, may be punished under Section 18(a) with imprisonment up to two years or a fine up to ₹1,00,000. If two Hindus marry despite being within prohibited degrees of relationship without custom permitting it, they can be punished under Section 18(b).",
  "case_law": {
    "name": "Independent Thought v. Union of India",
    "citation": "(2017) 10 SCC 800",
    "principle": "The Supreme Court emphasized the importance of penal provisions in preventing child marriages and protecting minors, affirming that contravention of Section 5(iii) attracts punishment under Section 18."
  },
  "summary": "Section 18 prescribes punishments for violating specific marriage conditions such as age, prohibited relationships, and sapinda relationships. Child marriages attract severe penalties, including rigorous imprisonment and heavy fines, reinforcing the Act’s aim to prevent underage and invalid marriages.",
  "keywords": ["Section 18", "Hindu Marriage Act", "punishment", "child marriage", "prohibited relationship", "sapinda relationship", "legal conditions", "Hindu law", "marriage offences", "imprisonment", "fine"]
},
{
  "section": 19,
  "title": "Court to which petition shall be presented",
  "text": "19. Court to which petition shall be presented.—Every petition under this Act shall be presented to the District Court within the local limits of whose ordinary original civil jurisdiction:—\n(i) the marriage was solemnized, or\n(ii) the respondent, at the time of the presentation of the petition, resides, or\n(iii) the parties to the marriage last resided together, or\n(iiia) in case the wife is the petitioner, where she is residing on the date of presentation of the petition; or\n(iv) the petitioner is residing at the time of the presentation of the petition, in a case where the respondent is at that time, residing outside the territories to which this Act extends, or has not been heard of as being alive for a period of seven years or more by those persons who would naturally have heard of him if he were alive.",
  "explanation": "Section 19 specifies the territorial jurisdiction of the District Court for filing petitions under the Hindu Marriage Act. It provides multiple grounds for determining jurisdiction, such as the place of marriage, the respondent's residence, the last place of cohabitation, and, in certain cases, the wife's current residence. It also accommodates situations where the respondent resides outside India or has been missing for seven years or more. This section ensures flexibility and convenience, especially for women petitioners, in filing matrimonial cases.",
  "illustration": "A and B were married in Delhi but last resided together in Bangalore. B moves abroad, and A files for divorce while living in Mumbai. Under Section 19, A can file the petition either in Delhi (where the marriage was solemnized), Bangalore (where they last resided together), or Mumbai (where the petitioner resides while the respondent is outside India).",
  "case_law": {
    "name": "Sumita Singh v. Kumar Sanjay",
    "citation": "(2001) 10 SCC 41",
    "principle": "The Supreme Court held that Section 19(iiia) allows a wife to file a petition in the District Court where she is residing at the time of filing, providing relief and convenience to women litigants in matrimonial matters."
  },
  "summary": "Section 19 establishes which District Court has territorial jurisdiction for matrimonial petitions under the Act. It considers factors such as the place of marriage, last residence, current residence of the wife, and situations where the respondent is abroad or missing. It provides special protection and convenience for women petitioners.",
  "keywords": ["Section 19", "Hindu Marriage Act", "territorial jurisdiction", "District Court", "matrimonial petition", "wife's residence", "marriage place", "last cohabitation", "respondent abroad", "jurisdiction"]
},
{
  "section": 20,
  "title": "Contents and verification of petitions",
  "text": "20. Contents and verification of petitions.—(1) Every petition presented under this Act shall state as distinctly as the nature of the case permits the facts on which the claim to relief is founded and, except in a petition under section 11, shall also state that there is no collusion between the petitioner and the other party to the marriage.\n(2) The statements contained in every petition under this Act shall be verified by the petitioner or some other competent person in the manner required by law for the verification of plaints, and may, at the hearing, be referred to as evidence.",
  "explanation": "Section 20 prescribes the mandatory contents and verification process for petitions filed under the Hindu Marriage Act. It ensures that all relevant facts are clearly stated and that petitions include a declaration of no collusion (except in nullity cases). Verification in the manner of plaints under the CPC makes the petition a sworn statement, and these verified statements can be used as evidence during hearings. This provision safeguards against fraudulent or collusive matrimonial litigation.",
  "illustration": "A files a petition for divorce alleging cruelty. The petition must clearly state the facts constituting cruelty and include a statement that there is no collusion between A and the spouse. A must verify the petition as per CPC rules, making the statements admissible as evidence.",
  "case_law": {
    "name": "Savitri Pandey v. Prem Chandra Pandey",
    "citation": "(2002) 2 SCC 73",
    "principle": "The Supreme Court emphasized the importance of proper pleadings and verification under Section 20 to ensure that matrimonial petitions are genuine and free from collusion or fraud."
  },
  "summary": "Section 20 mandates that matrimonial petitions must clearly state facts, declare absence of collusion (except in nullity cases), and be verified as per CPC rules. Verified petitions serve as admissible evidence and ensure the authenticity of matrimonial proceedings.",
  "keywords": ["Section 20", "Hindu Marriage Act", "petition contents", "verification", "collusion", "matrimonial litigation", "CPC verification", "evidence", "pleadings", "authenticity"]
},
{
  "section": 21,
  "title": "Application of Act 5 of 1908",
  "text": "21. Application of Act 5 of 1908.—Subject to the other provisions contained in this Act and to such rules as the High Court may make in this behalf, all proceedings under this Act shall be regulated, as far as may be, by the Code of Civil Procedure, 1908.",
  "explanation": "Section 21 provides that all proceedings under the Hindu Marriage Act are to be governed by the procedural framework of the Code of Civil Procedure, 1908 (CPC), unless otherwise provided by the Act or specific High Court rules. This ensures uniformity in matrimonial litigation and procedural consistency with civil law. However, where the Act prescribes a special procedure, it overrides the CPC.",
  "illustration": "A files a petition for judicial separation under Section 10. The procedure for filing, service of summons, and evidence will follow the Code of Civil Procedure unless the Hindu Marriage Act specifies a different process.",
  "case_law": {
    "name": "Bipin Chandra Jaisinghbhai Shah v. Prabhavati",
    "citation": "AIR 1957 SC 176",
    "principle": "The Supreme Court held that matrimonial proceedings under the Hindu Marriage Act are civil in nature and governed by the Code of Civil Procedure unless expressly provided otherwise by the Act."
  },
  "summary": "Section 21 makes the Code of Civil Procedure applicable to all proceedings under the Hindu Marriage Act, ensuring procedural uniformity. Special provisions of the Act or High Court rules take precedence over the CPC.",
  "keywords": ["Section 21", "Hindu Marriage Act", "Code of Civil Procedure", "CPC", "matrimonial proceedings", "procedure", "High Court rules", "civil law"]
},
{
  "section": "21A",
  "title": "Power to transfer petitions in certain cases",
  "text": "21A. Power to transfer petitions in certain cases.—(1) Where—\n(a) a petition under this Act has been presented to a district court having jurisdiction by a party to a marriage praying for a decree for judicial separation under section 10 or for a decree of divorce under section 13, and\n(b) another petition under this Act has been presented thereafter by the other party to the marriage praying for a decree for judicial separation under section 10 or for a decree of divorce under section 13 on any ground, whether in the same district court or in a different district court, in the same State or in a different State,\nthe petitions shall be dealt with as specified in sub-section (2).\n(2) In a case where sub-section (1) applies,—\n(a) if the petitions are presented to the same district court, both the petitions shall be tried and heard together by that district court;\n(b) if the petitions are presented to different district courts, the petition presented later shall be transferred to the district court in which the earlier petition was presented and both the petitions shall be heard and disposed of together by the district court in which the earlier petition was presented.\n(3) In a case where clause (b) of sub-section (2) applies, the court or the Government, as the case may be, competent under the Code of Civil Procedure, 1908 (5 of 1908), to transfer any suit or proceeding from the district court in which the later petition has been presented to the district court in which the earlier petition is pending, shall exercise its powers to transfer such later petition as if it had been empowered so to do under the said Code.",
  "explanation": "Section 21A ensures consolidation of matrimonial petitions filed by both spouses to avoid conflicting decisions. If both parties file petitions for judicial separation or divorce, the later one must be transferred to the court where the earlier was filed so they can be heard together. This applies whether the petitions are in the same court, different courts in the same state, or different states. The transfer is done under powers equivalent to those under the CPC to prevent multiplicity of proceedings and ensure judicial consistency.",
  "illustration": "A files a divorce petition in the Delhi District Court. Later, B files for judicial separation in Mumbai. Under Section 21A, B's petition will be transferred to the Delhi District Court, and both petitions will be heard together to avoid conflicting judgments.",
  "case_law": {
    "name": "Guda Vijayalakshmi v. Guda Ramachandra Sekhara Sastry",
    "citation": "AIR 1981 SC 1143",
    "principle": "The Supreme Court held that the object of Section 21A is to avoid multiplicity of proceedings and conflicting decisions by consolidating petitions for divorce or judicial separation filed by both spouses."
  },
  "summary": "Section 21A mandates that if both spouses file petitions for divorce or judicial separation, the later petition must be transferred to the court of the earlier one so both can be heard together. This applies across states and ensures consistency in matrimonial adjudication.",
  "keywords": ["Section 21A", "Hindu Marriage Act", "transfer of petitions", "judicial separation", "divorce", "District Court", "CPC", "conflicting decisions", "multiplicity of proceedings"]
},
{
  "section": "21B",
  "title": "Special provision relating to trial and disposal of petitions under the Act",
  "text": "21B. Special provision relating to trial and disposal of petitions under the Act.—(1) The trial of a petition under this Act shall, so far as is practicable consistently with the interests of justice in respect of the trial, be continued from day to day until its conclusion unless the court finds the adjournment of the trial beyond the following day to be necessary for reasons to be recorded.\n(2) Every petition under this Act shall be tried as expeditiously as possible and endeavour shall be made to conclude the trial within six months from the date of service of notice of the petition on the respondent.\n(3) Every appeal under this Act shall be heard as expeditiously as possible, and endeavour shall be made to conclude the hearing within three months from the date of service of notice of appeal on the respondent.",
  "explanation": "Section 21B emphasizes speedy disposal of matrimonial disputes. It mandates that trials should, as far as possible, continue day-to-day without unnecessary adjournments. The law directs that matrimonial trials be completed within six months of serving notice to the respondent and appeals concluded within three months of serving notice of appeal. The aim is to prevent prolonged litigation, which can aggravate matrimonial issues and affect the rights of the parties, especially in cases involving children or maintenance.",
  "illustration": "A files a divorce petition against B. The court, under Section 21B, is required to hear the matter continuously without long breaks and should make an effort to conclude the case within six months of B receiving notice. If either party appeals, the High Court should attempt to conclude the appeal hearing within three months of notice.",
  "case_law": {
    "name": "K. Srinivas Rao v. D.A. Deepa",
    "citation": "(2013) 5 SCC 226",
    "principle": "The Supreme Court stressed that matrimonial cases should be disposed of expeditiously and continuous adjournments should be avoided to reduce mental agony and prolongation of disputes."
  },
  "summary": "Section 21B mandates day-to-day hearing of matrimonial petitions and sets a goal of completing trials within six months and appeals within three months of notice. It aims to prevent delay and ensure speedy justice in sensitive matrimonial matters.",
  "keywords": ["Section 21B", "Hindu Marriage Act", "matrimonial trial", "expeditious disposal", "six months", "three months", "appeals", "day-to-day hearing", "adjournments", "speedy justice"]
},
{
  "section": "21C",
  "title": "Documentary evidence",
  "text": "21C. Documentary evidence.—Notwithstanding anything in any enactment to the contrary, no document shall be inadmissible in evidence in any proceeding at the trial of a petition under this Act on the ground that it is not duly stamped or registered.",
  "explanation": "Section 21C removes technical barriers regarding stamping and registration for admitting documents in matrimonial proceedings. Even if a document is not properly stamped or registered under other laws like the Indian Stamp Act or Registration Act, it cannot be excluded as evidence in a Hindu Marriage Act petition. This provision ensures that relevant evidence is not rejected due to procedural defects, prioritizing substantive justice over technicalities.",
  "illustration": "In a divorce proceeding, A produces a handwritten agreement between the parties which is unstamped and unregistered. Under Section 21C, the court cannot reject it solely for lack of stamping or registration and must consider its evidentiary value.",
  "case_law": {
    "name": "Chand Dhawan v. Jawaharlal Dhawan",
    "citation": "(1993) 3 SCC 406",
    "principle": "The Supreme Court upheld that matrimonial proceedings are special in nature, and technical objections to documentary evidence such as lack of stamping or registration should not defeat substantive justice."
  },
  "summary": "Section 21C ensures that documents cannot be excluded in matrimonial cases for want of stamping or registration. It prioritizes substantive justice over procedural technicalities to facilitate fair adjudication in matrimonial disputes.",
  "keywords": ["Section 21C", "Hindu Marriage Act", "documentary evidence", "unstamped document", "unregistered document", "admissibility", "procedural law", "matrimonial proceedings"]
},
{
  "section": "22",
  "title": "Proceedings to be in camera and may not be printed or published",
  "text": "22. Proceedings to be in camera and may not be printed or published.—(1) Every proceeding under this Act shall be conducted in camera and it shall not be lawful for any person to print or publish any matter in relation to any such proceeding except a judgment of the High Court or of the Supreme Court printed or published with the previous permission of the court.\n(2) If any person prints or publishes any matter in contravention of the provisions contained in sub-section (1), he shall be punishable with fine which may extend to one thousand rupees.",
  "explanation": "Section 22 mandates that all proceedings under the Hindu Marriage Act are to be conducted in camera (i.e., privately and not open to the public). This is to protect the privacy and dignity of the parties involved in sensitive matrimonial disputes. Publication of case details is prohibited except for judgments of the High Court or Supreme Court with prior permission of the court. Unauthorized publication is punishable with a fine, ensuring confidentiality in matrimonial litigation.",
  "illustration": "A and B are undergoing a divorce trial under the Hindu Marriage Act. The hearing is held in camera. A journalist publishes details of the allegations without court permission. This act violates Section 22(1), and the journalist can be fined up to one thousand rupees under Section 22(2).",
  "case_law": {
    "name": "Swapna Ghose v. Sadanand Ghose",
    "citation": "AIR 1989 Cal 1",
    "principle": "The court emphasized the importance of conducting matrimonial proceedings in camera to safeguard the privacy of the parties and prevent public exposure of personal and intimate details."
  },
  "summary": "Section 22 ensures matrimonial proceedings are private and prohibits printing or publishing details without court permission, protecting the dignity and privacy of parties involved. Violation attracts a fine of up to one thousand rupees.",
  "keywords": ["Section 22", "Hindu Marriage Act", "in camera", "privacy", "publication", "confidentiality", "High Court", "Supreme Court", "fine", "matrimonial proceedings"]
},
{
  "section": "23",
  "title": "Decree in proceedings",
  "text": "23. Decree in proceedings.—(1) In any proceeding under this Act, whether defended or not, if the court is satisfied that\n(a) any of the grounds for granting relief exists and the petitioner (except in cases where the relief is sought by him on the ground specified in sub-clause (a), sub-clause (b) or sub-clause (c) of clause (ii) of section 5) is not in any way taking advantage of his or her own wrong or disability for the purpose of such relief, and\n(b) where the ground of the petition is the ground specified in clause (i) of sub-section (1) of section 13, the petitioner has not in any manner been accessory to or connived at or condoned the act or acts complained of, or where the ground of the petition is cruelty the petitioner has not in any manner condoned the cruelty, and\n(bb) when a divorce is sought on the ground of mutual consent, such consent has not been obtained by force, fraud or undue influence, and\n(c) the petition (not being a petition presented under section 11) is not presented or prosecuted in collusion with the respondent, and\n(d) there has not been any unnecessary or improper delay in instituting the proceeding, and\n(e) there is no other legal ground why relief should not be granted, then, and in such a case, but not otherwise, the court shall decree such relief accordingly.\n(2) Before proceeding to grant any relief under this Act, it shall be the duty of the court in the first instance, in every case where it is possible so to do consistently with the nature and circumstances of the case, to make every endeavour to bring about reconciliation between the parties:\nProvided that nothing contained in this sub-section shall apply to any proceeding wherein relief is sought on any of the grounds specified in clause (ii), clause (iii), clause (iv), clause (v), clause (vi) or clause (vii) of sub-section (1) of section 13.\n(3) For the purpose of aiding the court in bringing about such reconciliation, the court may, if the parties so desire or if the court thinks it just and proper so to do, adjourn the proceedings for a reasonable period not exceeding fifteen days and refer the matter to any person named by the parties in this behalf or to any person nominated by the court if the parties fail to name any person, with directions to report to the court as to whether reconciliation can be and has been effected and the court shall in disposing of the proceeding have due regard to the report.\n(4) In every case where a marriage is dissolved by a decree of divorce, the court passing the decree shall give a copy thereof free of cost to each of the parties.",
  "explanation": "Section 23 lays down the conditions before a court can grant relief in matrimonial cases. It ensures that a petitioner cannot take advantage of their own wrongdoing, and in cases of adultery or cruelty, the petitioner must not have condoned or connived in the act. For mutual consent divorces, the consent must be free from force, fraud, or undue influence. Courts must also check for collusion, delay, or other legal bars before granting relief. Additionally, the section imposes a duty on the court to attempt reconciliation between the parties wherever possible, and provides for free copies of divorce decrees to both parties.",
  "illustration": "A files for divorce against B on grounds of adultery. The court finds that A had condoned B's act previously and continued cohabitation. Under Section 23, the court will deny the decree because the petitioner has condoned the ground alleged.",
  "case_law": {
    "name": "Savitri Pandey v. Prem Chandra Pandey",
    "citation": "(2002) 2 SCC 73",
    "principle": "The Supreme Court held that the petitioner cannot take advantage of his or her own wrong under Section 23 and that mutual consent must be free from coercion, fraud, or undue influence."
  },
  "summary": "Section 23 outlines conditions for granting matrimonial relief, preventing misuse of the law by petitioners taking advantage of their own wrongdoing. It mandates attempts at reconciliation and ensures free copies of divorce decrees are given to both parties.",
  "keywords": ["Section 23", "Hindu Marriage Act", "decree", "matrimonial relief", "condonation", "mutual consent", "collusion", "reconciliation", "free copy", "court duty"]
},
{
  "section": "23A",
  "title": "Relief for respondent in divorce and other proceedings",
  "text": "23A. Relief for respondent in divorce and other proceedings.—In any proceeding for divorce or judicial separation or restitution of conjugal rights, the respondent may not only oppose the relief sought on the ground of petitioner’s adultery, cruelty or desertion, but also make a counter-claim for any relief under this Act on that ground; and if the petitioner’s adultery, cruelty or desertion is proved, the court may give to the respondent any relief under this Act to which he or she would have been entitled if he or she had presented a petition seeking such relief on that ground.",
  "explanation": "Section 23A allows the respondent in matrimonial proceedings to not only defend against allegations but also to seek affirmative relief under the Hindu Marriage Act. If the petitioner is guilty of adultery, cruelty, or desertion, the respondent can counter-claim for divorce, judicial separation, or other reliefs without filing a separate petition. This provision ensures procedural efficiency and fairness by enabling the court to grant appropriate relief based on the petitioner’s misconduct.",
  "illustration": "A (husband) files for divorce against B (wife) alleging cruelty. B proves that A himself has been guilty of adultery. Under Section 23A, B can seek divorce on the ground of adultery through a counter-claim without filing a separate petition.",
  "case_law": {
    "name": "Savitri Pandey v. Prem Chandra Pandey",
    "citation": "(2002) 2 SCC 73",
    "principle": "The court clarified that Section 23A empowers the respondent to seek affirmative relief if the petitioner’s misconduct such as adultery or cruelty is proved, thus preventing misuse of matrimonial proceedings."
  },
  "summary": "Section 23A empowers the respondent in matrimonial cases to make a counter-claim for divorce or judicial separation if the petitioner is proved guilty of adultery, cruelty, or desertion. It eliminates the need for a separate petition and promotes judicial efficiency.",
  "keywords": ["Section 23A", "Hindu Marriage Act", "respondent", "counter-claim", "divorce", "judicial separation", "restitution of conjugal rights", "adultery", "cruelty", "desertion", "matrimonial proceedings"]
},
{
  "section": "24",
  "title": "Maintenance pendente lite and expenses of proceedings",
  "text": "24. Maintenance pendente lite and expenses of proceedings.—Where in any proceeding under this Act it appears to the court that either the wife or the husband, as the case may be, has no independent income sufficient for her or his support and the necessary expenses of the proceeding, it may, on the application of the wife or the husband, order the respondent to pay to the petitioner the expenses of the proceeding, and monthly during the proceeding such sum as, having regard to the petitioner’s own income and the income of the respondent, it may seem to the court to be reasonable.\nProvided that the application for the payment of the expenses of the proceeding and such monthly sum during the proceeding, shall, as far as possible, be disposed of within sixty days from the date of service of notice on the wife or the husband, as the case may be.",
  "explanation": "Section 24 provides for maintenance pendente lite (temporary maintenance during the pendency of proceedings) and litigation expenses to ensure that a financially weaker spouse is not disadvantaged in matrimonial cases. Either spouse, lacking sufficient independent income, can apply for interim support and expenses. The court considers the incomes of both parties to fix a reasonable amount and is required to dispose of such applications ideally within sixty days to avoid hardship.",
  "illustration": "B (wife) files for divorce but has no independent income to sustain herself during the proceedings. She applies under Section 24 for maintenance pendente lite. The court, considering A’s (husband) income, orders him to pay monthly maintenance and litigation expenses until the case is decided.",
  "case_law": {
    "name": "Manish Jain v. Akanksha Jain",
    "citation": "(2017) 15 SCC 801",
    "principle": "The Supreme Court held that the purpose of Section 24 is to ensure that a financially weaker spouse is not denied access to justice due to lack of means and directed that applications under this section must be decided expeditiously."
  },
  "summary": "Section 24 allows either spouse to claim interim maintenance and litigation expenses during matrimonial proceedings if they lack sufficient independent income. The court must consider both parties' incomes and dispose of such applications ideally within sixty days.",
  "keywords": ["Section 24", "Hindu Marriage Act", "maintenance pendente lite", "interim maintenance", "litigation expenses", "financial support", "wife", "husband", "court order", "sixty days", "matrimonial proceedings"]
},

